"trial_type","trial_index","plugin_version","time_elapsed","sona_id","phase","rt","stimulus","response","consented","required_key","view_history","question_order","success","timeout","failed_images","failed_audio","failed_video","set_size","distractor_type","block","stimuli_list","correct","locations","target_present","break_key"
"pavlovia","0","null","1032","79210","","","","","","","","","","","","","","","","","","","","",""
"html-button-response","1","2.1.0","13049","79210","informed_consent","12016","
    <div style=""max-width: 900px; margin: 0 auto; padding: 20px; text-align: left; line-height: 1.6;"">
      <h1 style=""text-align: center; color: #333; font-size: 24px; margin-bottom: 10px; font-weight: bold;"">
        INFORMED CONSENT INFORMATION
      </h1>
      <h2 style=""text-align: center; color: #333; font-size: 22px; margin-bottom: 20px; font-weight: bold;"">
        FOR RESEARCH PARTICIPATION
      </h2>
      
      <p style=""margin-bottom: 10px;""><strong>Study Title:</strong> The Effects of Mindfulness and Attention on Life Satisfaction and Memory</p>
      <p style=""margin-bottom: 10px;""><strong>Principal Investigator:</strong> Ella Bremmer</p>
      <p style=""margin-bottom: 10px;""><strong>Co-Principal Investigator:</strong> Dr. Gregory Cox</p>
      <p style=""margin-bottom: 20px;""><strong>IRB Study Number:</strong> STUDY00006288</p>

      <p style=""margin-bottom: 15px;"">I am a student at the University at Albany, in the Department of Psychology. I am planning to conduct a research study, which I invite you to take part in.</p>
      
      <p style=""margin-bottom: 25px;"">This form has important information about the reasons for doing this study, what we will ask you to do, and the way we would like to use the information we collect about you.</p>

      <h3 style=""color: #333; font-size: 18px; margin-top: 25px; margin-bottom: 10px; font-weight: bold;"">
        Why are you doing this study?
      </h3>
      <p style=""margin-bottom: 15px;"">You are being asked to participate in a research study that aims to understand if there is a relationship between mindfulness, the ability to pay attention, and life satisfaction.</p>
      
      <p style=""margin-bottom: 25px;"">The purpose of this study is to investigate if having better control over one's attention influences overall life satisfaction. Your participation will help us better understand if mindfulness and attention do have a significant effect on life satisfaction (i.e., how people feel about their lives overall). Then you will be asked to perform a conjunction visual search task to test your capacity to direct your attention over a sustained period.</p>

      <h3 style=""color: #333; font-size: 18px; margin-top: 25px; margin-bottom: 10px; font-weight: bold;"">
        Why am I eligible to participate in this study?
      </h3>
      <p style=""margin-bottom: 25px;"">You are eligible to participate because you are a student at UAlbany, are at least 18 years old, and are proficient in English.</p>

      <h3 style=""color: #333; font-size: 18px; margin-top: 25px; margin-bottom: 10px; font-weight: bold;"">
        What will I do if I choose to be in this study?
      </h3>
      <p style=""margin-bottom: 10px;"">If you choose to take part in our study, you will do the following:</p>
      <p style=""margin-bottom: 8px; margin-left: 20px;"">1. Read and agree to the informed consent.</p>
      <p style=""margin-bottom: 8px; margin-left: 40px;"">a. If you choose not to agree to the informed consent, you will be taken back to the SONA site.</p>
      <p style=""margin-bottom: 8px; margin-left: 20px;"">2. Complete a demographic questionnaire that asks about your age, English proficiency, gender, and race.</p>
      <p style=""margin-bottom: 8px; margin-left: 20px;"">3. Read instructions for the visual search task, which asks you to indicate if a target (a red triangle) is present among various other colored shapes. You should press the ""F"" key if a red triangle is present, or the ""J"" key if the target is absent.</p>
      <p style=""margin-bottom: 8px; margin-left: 20px;"">4. You will be asked to respond to 270 visual search trials, whith the opportunity to take short breaks as you go</p>
      <p style=""margin-bottom: 8px; margin-left: 20px;"">5. You will complete the Mindfulness Attention Awareness Scale (MAAS), the Satisfaction With Life Scale (SWLS), and the Big Five Inventory.</p>
      <p style=""margin-bottom: 25px; margin-left: 20px;"">6.	After all questionnaires are completed, participants will be thanked for their time and will be provided the study debriefing. Following the debriefing, you will be sent back to the SONA research site.</p>

      <h3 style=""color: #333; font-size: 18px; margin-top: 25px; margin-bottom: 10px; font-weight: bold;"">
        For how long will I participate?
      </h3>
      <p style=""margin-bottom: 25px;"">This study is a single online session that you can complete on a computer. The study can be completed in less than 30 minutes but could require as long as 45 minutes to complete.</p>

      <h3 style=""color: #333; font-size: 18px; margin-top: 25px; margin-bottom: 10px; font-weight: bold;"">
        Where will I need to go to participate?
      </h3>
      <p style=""margin-bottom: 25px;"">All study procedures will take place online and can be completed wherever you have internet connection.</p>

      <h3 style=""color: #333; font-size: 18px; margin-top: 25px; margin-bottom: 10px; font-weight: bold;"">
        Are there any costs I should be aware of?
      </h3>
      <p style=""margin-bottom: 25px;"">Participation is not expected to incur cost to participants. Free internet access is available anywhere on campus and in the university library.</p>

      <h3 style=""color: #333; font-size: 18px; margin-top: 25px; margin-bottom: 10px; font-weight: bold;"">
        What are the possible risks or discomforts?
      </h3>
      <p style=""margin-bottom: 15px;"">As with all research, there is a chance that confidentiality of the information we collect from you could be breached – we will take steps to minimize this risk, as discussed in more detail below.</p>
      
      <p style=""margin-bottom: 25px;"">The risks associated with participating in this study are minimal; however, you may experience mild discomfort when reflecting on your mindfulness or life satisfaction when answering questionnaires in the study. To help minimize this, you can withdraw from the study at any time without any consequences. The study will take place online, and you will have the opportunity to take breaks while completing the survey to reduce the risk of eye strain associated with the use of electronic devices.</p>

      <h3 style=""color: #333; font-size: 18px; margin-top: 25px; margin-bottom: 10px; font-weight: bold;"">
        What are the possible benefits for me or others?
      </h3>
      <p style=""margin-bottom: 25px;"">While there are no direct personal benefits to participants of this study, you may find value in reflecting on your mindfulness, attention, and its impact on life satisfaction by completing this survey. The data you contribute may help advance society's understanding of how mindfulness and attention relate to overall well-being, potentially informing future programs or interventions aimed at improving student mental health, attention, and life satisfaction.</p>

      <h3 style=""color: #333; font-size: 18px; margin-top: 25px; margin-bottom: 10px; font-weight: bold;"">
        Will I receive compensation for my participation?
      </h3>
      <p style=""margin-bottom: 25px;"">SONA partial class credit will be awarded via the Psychology Department SONA research pool after you complete the survey in its entirety. Participants who withdraw before completing the survey will not receive partial credit. You will not receive monetary compensation for your participation in this study.</p>

      <h3 style=""color: #333; font-size: 18px; margin-top: 25px; margin-bottom: 10px; font-weight: bold;"">
        How will you protect the information you collect about me, and how will that information be shared?
      </h3>
      <p style=""margin-bottom: 15px;"">Results of this study may be used in publications and presentations. Your data will be handled as confidentially as possible, and no identifiable information will be collected to link your data back to you. If results of this study are published or presented, only de-identified summaries of data will be used.</p>
      
      <p style=""margin-bottom: 25px;"">To minimize the risks to confidentiality, all data will be collected anonymously via Pavlovia.org which uses encryption to protect information (https://pavlovia.org/docs/home/ethics). Only the student researcher (Ella Bremmer), mentor (Pierce Johnson), and faculty advisor (Gregory Cox) will have password-protected access to the data. Data will be stored on secure, university approved computers.</p>

      <h3 style=""color: #333; font-size: 18px; margin-top: 25px; margin-bottom: 10px; font-weight: bold;"">
        Will my data be used in future research?
      </h3>
      <p style=""margin-bottom: 25px;"">No personal identifiers will be collected in the data you provide us. Data will not be used in future research, and will be deleted after the required retention period.</p>

      <h3 style=""color: #333; font-size: 18px; margin-top: 25px; margin-bottom: 10px; font-weight: bold;"">
        What are my rights as a research participant?
      </h3>
      <p style=""margin-bottom: 15px;"">Participation in this study is voluntary. You do not have to answer any question you do not want to answer. If at any time and for any reason, you would prefer not to participate in this study, please feel free not to. If at any time you would like to stop participating, you are welcome to stop. You can take a break or stop altogether. You may withdraw from this study at any time, and you will not be penalized in any way for deciding to stop participation.</p>
      
      <p style=""margin-bottom: 25px;"">If you decide to withdraw from this study, any information collected from you before withdrawing will not be used, and your data will be deleted.</p>

      <h3 style=""color: #333; font-size: 18px; margin-top: 25px; margin-bottom: 10px; font-weight: bold;"">
        What if I am a University at Albany student or employee?
      </h3>
      <p style=""margin-bottom: 25px;"">You may choose not to participate or to stop participating in this research at any time. This will not affect your class standing, grades, employment, or any other aspects of your relationship with the University at Albany.</p>

      <h3 style=""color: #333; font-size: 18px; margin-top: 25px; margin-bottom: 10px; font-weight: bold;"">
        Who can I contact if I have questions or concerns about this research study?
      </h3>
      <p style=""margin-bottom: 15px;"">If you have questions, please feel free to stop and email the investigator, Ella Bremmer (ebremmer@albany.edu) or advisors, Pierce Johnson (pjohnson4@albany.edu) and Dr. Greg Cox (gecox@albany.edu). If you have questions later, you may also contact the researchers.</p>
      
      <p style=""margin-bottom: 10px;"">If you have any questions about your rights as a participant in this research, you can contact the following office at the University at Albany:</p>
      
      <p style=""margin-bottom: 5px; margin-left: 20px;"">Institutional Review Board</p>
      <p style=""margin-bottom: 5px; margin-left: 20px;"">University at Albany</p>
      <p style=""margin-bottom: 5px; margin-left: 20px;"">Office of Regulatory and Research Compliance</p>
      <p style=""margin-bottom: 5px; margin-left: 20px;"">1400 Washington Ave, Biology 227</p>
      <p style=""margin-bottom: 5px; margin-left: 20px;"">Albany, NY 12222</p>
      <p style=""margin-bottom: 5px; margin-left: 20px;"">Phone: 1-866-857-5459</p>
      <p style=""margin-bottom: 25px; margin-left: 20px;"">Email: rco@albany.edu</p>

      <h3 style=""color: #333; font-size: 18px; margin-top: 30px; margin-bottom: 10px; font-weight: bold;"">
        Consent
      </h3>
      <p style=""margin-bottom: 20px;"">I have read this form and the research study has been explained to me. I have been given the opportunity to ask questions and my questions have been answered. If I have additional questions, I have been told whom to contact. I agree to participate in the research study described above. I understand that I have the opportunity to download and save a copy of this form for my records.</p>

      <div style=""background-color: #f9f9f9; border: 2px solid #4CAF50; border-radius: 5px; padding: 20px; margin-top: 20px; margin-bottom: 20px;"">
        <p style=""margin-bottom: 15px; font-weight: bold;"">To save a copy of this consent form for your records, press Ctrl+P (Windows/Linux) or Cmd+P (Mac) and select ""Save as PDF"".</p>
        <p style=""margin-bottom: 0; font-weight: bold;"">By clicking ""I Agree"" below, I confirm that I agree to participate in the research study described above, and that doing so serves as my written signature consenting to take part in the study.</p>
      </div>
    </div>
  ","0","true","","","","","","","","","","","","","","","",""
"instructions","3","2.1.0","15119","79210","intro_instructions","2068","","","","f","[{""page_index"":0,""viewing_time"":2068}]","","","","","","","","","","","","","",""
"html-keyboard-response","4","2.1.0","17122","79210","intermediate_slide_demo","null","<p style=""font-size:4vw"">Demographic Questionnaire</p>","null","","","","","","","","","","","","","","","","",""
"survey-multi-choice","5","2.1.0","23893","79210","demographics_english","6769","","{""english"":""Strongly agree""}","","","","[0]","","","","","","","","","","","","",""
"survey-text","7","2.1.0","27591","79210","demographics_age","3695","","{""age"":""18""}","","","","","","","","","","","","","","","","",""
"survey-multi-select","9","2.1.0","31158","79210","demographics_gender","3564","","{""gender"":[""Woman""]}","","","","[0]","","","","","","","","","","","","",""
"survey-multi-choice","11","2.1.0","33603","79210","demographics_race","2444","","{""race"":""Hispanic or Latino""}","","","","[0]","","","","","","","","","","","","",""
"html-keyboard-response","12","2.1.0","35605","79210","intermediate_slide_VS","null","<p style=""font-size:4vw"">Visual Search Task</p>","null","","","","","","","","","","","","","","","","",""
"preload","13","2.1.0","36389","79210","image_preload","","","","","","","","true","false","[]","[]","[]","","","","","","","",""
"html-button-response","14","2.1.0","100694","79210","vs_instructions","64307","<p>On the following screens, you will see a series of colored shapes (triangles, squares, and circles) appear.</p>
    <p>Please Press 'F' if there <strong>is</strong> a red triangle among the shapes you see.</p>
    <p>Press 'J' if there is <strong>not</strong> a red triangle among the shapes you see.</p>","0","","","","","","","","","","","","","","","","",""
"visual-search-circle","15","2.2.0","103629","79210","visual_search_trial","1431","","f","","","","","","","","","","null","blue_triangle","0","[""images/Red_Triangle.png"",""images/Blue_Triangle.png"",""images/Blue_Triangle.png""]","true","[[21,55],[116,249],[237,70]]","true",""
"visual-search-circle","16","2.2.0","105767","79210","visual_search_trial","634","","j","","","","","","","","","","null","red_circle","0","[""images/Red_Circle.png"",""images/Red_Circle.png"",""images/Red_Circle.png"",""images/Red_Circle.png"",""images/Red_Circle.png"",""images/Red_Circle.png"",""images/Red_Circle.png"",""images/Red_Circle.png"",""images/Red_Circle.png""]","true","[[4,92],[11,177],[72,238],[157,245],[227,196],[249,114],[213,36],[135,0],[53,22]]","false",""
"visual-search-circle","17","2.2.0","108044","79210","visual_search_trial","773","","f","","","","","","","","","","null","red_blue_mix","0","[""images/Red_Circle.png"",""images/Blue_Triangle.png"",""images/Red_Circle.png"",""images/Red_Circle.png"",""images/Blue_Circle.png"",""images/Red_Circle.png""]","false","[[0,111],[51,226],[175,239],[249,138],[198,23],[74,10]]","false",""
"visual-search-circle","18","2.2.0","111129","79210","visual_search_trial","1579","","f","","","","","","","","","","null","red_circle","0","[""images/Red_Triangle.png"",""images/Red_Circle.png"",""images/Red_Circle.png"",""images/Red_Circle.png"",""images/Red_Circle.png"",""images/Red_Circle.png"",""images/Red_Circle.png"",""images/Red_Circle.png"",""images/Red_Circle.png""]","true","[[70,237],[155,246],[226,198],[249,116],[214,38],[138,0],[55,21],[4,90],[10,175]]","true",""
"visual-search-circle","19","2.2.0","113275","79210","visual_search_trial","643","","j","","","","","","","","","","null","blue_triangle","0","[""images/Blue_Triangle.png"",""images/Blue_Triangle.png"",""images/Blue_Triangle.png""]","true","[[8,169],[222,203],[144,1]]","false",""
"visual-search-circle","20","2.2.0","115606","79210","visual_search_trial","828","","f","","","","","","","","","","null","red_circle","0","[""images/Red_Triangle.png"",""images/Red_Circle.png"",""images/Red_Circle.png""]","true","[[56,20],[68,236],[249,118]]","true",""
"visual-search-circle","21","2.2.0","119636","79210","visual_search_trial","2527","","f","","","","","","","","","","null","blue_triangle","0","[""images/Red_Triangle.png"",""images/Blue_Triangle.png"",""images/Blue_Triangle.png"",""images/Blue_Triangle.png"",""images/Blue_Triangle.png"",""images/Blue_Triangle.png"",""images/Blue_Triangle.png"",""images/Blue_Triangle.png"",""images/Blue_Triangle.png""]","true","[[171,9],[86,6],[18,58],[1,142],[41,217],[120,249],[201,223],[247,150],[235,66]]","true",""
"visual-search-circle","22","2.2.0","121979","79210","visual_search_trial","839","","j","","","","","","","","","","null","red_blue_mix","0","[""images/Blue_Triangle.png"",""images/Blue_Triangle.png"",""images/Blue_Triangle.png"",""images/Blue_Triangle.png"",""images/Blue_Triangle.png"",""images/Blue_Triangle.png"",""images/Blue_Circle.png"",""images/Blue_Triangle.png"",""images/Blue_Triangle.png""]","true","[[99,247],[183,235],[240,171],[243,86],[191,18],[107,1],[32,41],[0,120],[26,201]]","false",""
"visual-search-circle","23","2.2.0","125186","79210","visual_search_trial","1705","","j","","","","","","","","","","null","red_circle","0","[""images/Red_Circle.png"",""images/Red_Circle.png"",""images/Red_Circle.png""]","true","[[17,189],[234,185],[122,0]]","false",""
"visual-search-circle","24","2.2.0","127208","79210","visual_search_trial","516","","f","","","","","","","","","","null","red_blue_mix","0","[""images/Red_Triangle.png"",""images/Blue_Circle.png"",""images/Blue_Triangle.png"",""images/Blue_Circle.png"",""images/Blue_Triangle.png"",""images/Blue_Triangle.png"",""images/Red_Circle.png"",""images/Blue_Triangle.png"",""images/Red_Circle.png""]","true","[[15,64],[2,148],[46,222],[127,249],[207,219],[248,144],[232,60],[165,6],[80,8]]","true",""
"visual-search-circle","25","2.2.0","129457","79210","visual_search_trial","746","","j","","","","","","","","","","null","blue_triangle","0","[""images/Blue_Triangle.png"",""images/Blue_Triangle.png"",""images/Blue_Triangle.png"",""images/Blue_Triangle.png"",""images/Blue_Triangle.png"",""images/Blue_Triangle.png""]","true","[[90,245],[211,214],[246,94],[159,4],[38,35],[3,155]]","false",""
"visual-search-circle","26","2.2.0","131658","79210","visual_search_trial","696","","f","","","","","","","","","","null","red_circle","0","[""images/Red_Triangle.png"",""images/Red_Circle.png"",""images/Red_Circle.png"",""images/Red_Circle.png"",""images/Red_Circle.png"",""images/Red_Circle.png""]","true","[[213,213],[245,92],[157,4],[36,36],[4,157],[92,245]]","true",""
"visual-search-circle","27","2.2.0","134251","79210","visual_search_trial","1085","","j","","","","","","","","","","null","blue_triangle","0","[""images/Blue_Triangle.png"",""images/Blue_Triangle.png"",""images/Blue_Triangle.png"",""images/Blue_Triangle.png"",""images/Blue_Triangle.png"",""images/Blue_Triangle.png"",""images/Blue_Triangle.png"",""images/Blue_Triangle.png"",""images/Blue_Triangle.png""]","true","[[2,101],[15,185],[80,241],[165,243],[232,189],[248,105],[207,30],[127,0],[46,27]]","false",""
"visual-search-circle","28","2.2.0","136630","79210","visual_search_trial","877","","j","","","","","","","","","","null","red_blue_mix","0","[""images/Blue_Circle.png"",""images/Red_Circle.png"",""images/Blue_Circle.png""]","true","[[49,25],[76,240],[249,109]]","false",""
"visual-search-circle","29","2.2.0","138820","79210","visual_search_trial","686","","j","","","","","","","","","","null","red_circle","0","[""images/Red_Circle.png"",""images/Red_Circle.png"",""images/Red_Circle.png"",""images/Red_Circle.png"",""images/Red_Circle.png"",""images/Red_Circle.png""]","true","[[185,234],[249,127],[189,17],[64,15],[0,122],[60,232]]","false",""
"visual-search-circle","30","2.2.0","141414","79210","visual_search_trial","1091","","f","","","","","","","","","","null","red_blue_mix","0","[""images/Red_Triangle.png"",""images/Blue_Triangle.png"",""images/Red_Circle.png""]","true","[[181,13],[0,131],[193,229]]","true",""
"visual-search-circle","31","2.2.0","144007","79210","visual_search_trial","1090","","f","","","","","","","","","","null","blue_triangle","0","[""images/Red_Triangle.png"",""images/Blue_Triangle.png"",""images/Blue_Triangle.png"",""images/Blue_Triangle.png"",""images/Blue_Triangle.png"",""images/Blue_Triangle.png""]","true","[[1,144],[80,241],[203,222],[248,105],[169,8],[46,27]]","true",""
"visual-search-circle","32","2.2.0","146490","79210","visual_search_trial","981","","f","","","","","","","","","","null","red_blue_mix","0","[""images/Red_Triangle.png"",""images/Blue_Triangle.png"",""images/Blue_Triangle.png"",""images/Red_Circle.png"",""images/Red_Circle.png"",""images/Red_Circle.png""]","true","[[13,181],[118,249],[229,193],[236,68],[131,0],[20,56]]","true",""
"visual-search-circle","33","2.2.0","149032","79210","visual_search_trial","1040","","j","","","","","","","","","","null","red_circle","1","[""images/Red_Circle.png"",""images/Red_Circle.png"",""images/Red_Circle.png"",""images/Red_Circle.png"",""images/Red_Circle.png"",""images/Red_Circle.png""]","true","[[44,220],[167,242],[248,146],[205,29],[82,7],[1,103]]","false",""
"visual-search-circle","34","2.2.0","152318","79210","visual_search_trial","1785","","j","","","","","","","","","","null","red_blue_mix","1","[""images/Blue_Triangle.png"",""images/Red_Circle.png"",""images/Red_Circle.png""]","true","[[248,146],[82,7],[44,220]]","false",""
"visual-search-circle","35","2.2.0","154725","79210","visual_search_trial","903","","f","","","","","","","","","","null","blue_triangle","1","[""images/Red_Triangle.png"",""images/Blue_Triangle.png"",""images/Blue_Triangle.png"",""images/Blue_Triangle.png"",""images/Blue_Triangle.png"",""images/Blue_Triangle.png"",""images/Blue_Triangle.png"",""images/Blue_Triangle.png"",""images/Blue_Triangle.png""]","true","[[247,101],[203,27],[122,0],[42,30],[1,105],[17,189],[84,243],[169,241],[234,185]]","true",""
"visual-search-circle","36","2.2.0","157170","79210","visual_search_trial","942","","j","","","","","","","","","","null","red_blue_mix","1","[""images/Red_Circle.png"",""images/Red_Circle.png"",""images/Red_Circle.png"",""images/Blue_Circle.png"",""images/Blue_Triangle.png"",""images/Blue_Circle.png""]","true","[[13,68],[20,193],[131,249],[236,181],[229,56],[118,0]]","false",""
"visual-search-circle","37","2.2.0","159266","79210","visual_search_trial","594","","j","","","","","","","","","","null","red_circle","1","[""images/Red_Circle.png"",""images/Red_Circle.png"",""images/Red_Circle.png""]","true","[[249,129],[66,14],[58,231]]","false",""
"visual-search-circle","38","2.2.0","161519","79210","visual_search_trial","749","","f","","","","","","","","","","null","red_blue_mix","1","[""images/Red_Triangle.png"",""images/Red_Circle.png"",""images/Red_Circle.png"",""images/Blue_Circle.png"",""images/Blue_Circle.png"",""images/Blue_Circle.png"",""images/Blue_Circle.png"",""images/Blue_Triangle.png"",""images/Blue_Circle.png""]","true","[[231,58],[163,6],[78,9],[14,66],[2,150],[48,223],[129,249],[208,217],[248,142]]","true",""
"visual-search-circle","39","2.2.0","163929","79210","visual_search_trial","906","","f","","","","","","","","","","null","blue_triangle","1","[""images/Red_Triangle.png"",""images/Blue_Triangle.png"",""images/Blue_Triangle.png"",""images/Blue_Triangle.png"",""images/Blue_Triangle.png"",""images/Blue_Triangle.png""]","true","[[101,247],[219,207],[243,84],[148,2],[30,42],[6,165]]","true",""
"visual-search-circle","40","2.2.0","166287","79210","visual_search_trial","854","","j","","","","","","","","","","null","red_circle","1","[""images/Red_Circle.png"",""images/Red_Circle.png"",""images/Red_Circle.png"",""images/Red_Circle.png"",""images/Red_Circle.png"",""images/Red_Circle.png"",""images/Red_Circle.png"",""images/Red_Circle.png"",""images/Red_Circle.png""]","true","[[131,249],[210,216],[249,140],[229,56],[161,5],[76,9],[13,68],[3,153],[49,224]]","false",""
"visual-search-circle","41","2.2.0","168609","79210","visual_search_trial","819","","f","","","","","","","","","","null","blue_triangle","1","[""images/Blue_Triangle.png"",""images/Blue_Triangle.png"",""images/Blue_Triangle.png"",""images/Blue_Triangle.png"",""images/Blue_Triangle.png"",""images/Blue_Triangle.png""]","false","[[72,238],[196,227],[249,114],[177,11],[53,22],[0,135]]","false",""
"visual-search-circle","42","2.2.0","170831","79210","visual_search_trial","719","","f","","","","","","","","","","null","red_circle","1","[""images/Red_Triangle.png"",""images/Red_Circle.png"",""images/Red_Circle.png""]","true","[[14,183],[231,191],[129,0]]","true",""
"visual-search-circle","43","2.2.0","173227","79210","visual_search_trial","891","","f","","","","","","","","","","null","red_blue_mix","1","[""images/Red_Triangle.png"",""images/Red_Circle.png"",""images/Blue_Triangle.png"",""images/Red_Circle.png"",""images/Red_Circle.png"",""images/Blue_Triangle.png""]","true","[[33,210],[153,246],[244,161],[216,39],[96,3],[5,88]]","true",""
"visual-search-circle","44","2.2.0","175541","79210","visual_search_trial","810","","f","","","","","","","","","","null","blue_triangle","1","[""images/Red_Triangle.png"",""images/Blue_Triangle.png"",""images/Blue_Triangle.png""]","true","[[0,135],[196,227],[177,11]]","true",""
"visual-search-circle","45","2.2.0","178027","79210","visual_search_trial","982","","f","","","","","","","","","","null","red_circle","1","[""images/Red_Triangle.png"",""images/Red_Circle.png"",""images/Red_Circle.png"",""images/Red_Circle.png"",""images/Red_Circle.png"",""images/Red_Circle.png"",""images/Red_Circle.png"",""images/Red_Circle.png"",""images/Red_Circle.png""]","true","[[18,191],[86,243],[171,240],[235,183],[247,99],[201,26],[120,0],[41,32],[1,107]]","true",""
"visual-search-circle","46","2.2.0","180404","79210","visual_search_trial","872","","j","","","","","","","","","","null","red_blue_mix","1","[""images/Red_Circle.png"",""images/Blue_Triangle.png"",""images/Blue_Circle.png"",""images/Blue_Circle.png"",""images/Blue_Triangle.png"",""images/Red_Circle.png"",""images/Blue_Circle.png"",""images/Blue_Triangle.png"",""images/Blue_Triangle.png""]","true","[[228,194],[249,111],[211,35],[133,0],[51,23],[3,94],[12,179],[74,239],[159,245]]","false",""
"visual-search-circle","47","2.2.0","182584","79210","visual_search_trial","678","","j","","","","","","","","","","null","blue_triangle","1","[""images/Blue_Triangle.png"",""images/Blue_Triangle.png"",""images/Blue_Triangle.png""]","true","[[171,9],[1,142],[201,223]]","false",""
"visual-search-circle","48","2.2.0","184860","79210","visual_search_trial","774","","f","","","","","","","","","","null","red_blue_mix","1","[""images/Red_Triangle.png"",""images/Red_Circle.png"",""images/Blue_Triangle.png""]","true","[[241,80],[27,46],[105,248]]","true",""
"visual-search-circle","49","2.2.0","187264","79210","visual_search_trial","898","","j","","","","","","","","","","null","blue_triangle","1","[""images/Blue_Triangle.png"",""images/Blue_Triangle.png"",""images/Blue_Triangle.png"",""images/Blue_Triangle.png"",""images/Blue_Triangle.png"",""images/Blue_Triangle.png"",""images/Blue_Triangle.png"",""images/Blue_Triangle.png"",""images/Blue_Triangle.png""]","true","[[159,245],[228,194],[249,111],[211,35],[133,0],[51,23],[3,94],[12,179],[74,239]]","false",""
"visual-search-circle","50","2.2.0","190285","79210","visual_search_trial","1520","","f","","","","","","","","","","null","red_circle","1","[""images/Red_Triangle.png"",""images/Red_Circle.png"",""images/Red_Circle.png"",""images/Red_Circle.png"",""images/Red_Circle.png"",""images/Red_Circle.png""]","true","[[96,246],[216,210],[244,88],[153,3],[33,39],[5,161]]","true",""
"html-keyboard-response","51","2.1.0","198127","79210","break","7841","<p>Great job so far! Please rest for a few seconds before continuing.</p>
                 <p>Press the <strong>U</strong> key on your keyboard to continue.</p>","u","","","","","","","","","","","","","","","","","U"
"visual-search-circle","52","2.2.0","202513","79210","visual_search_trial","2884","","f","","","","","","","","","","null","red_blue_mix","2","[""images/Red_Triangle.png"",""images/Red_Circle.png"",""images/Blue_Triangle.png"",""images/Blue_Triangle.png"",""images/Red_Circle.png"",""images/Blue_Circle.png""]","true","[[194,228],[249,116],[179,12],[55,21],[0,133],[70,237]]","true",""
"visual-search-circle","53","2.2.0","205117","79210","visual_search_trial","1101","","j","","","","","","","","","","null","blue_triangle","2","[""images/Blue_Triangle.png"",""images/Blue_Triangle.png"",""images/Blue_Triangle.png"",""images/Blue_Triangle.png"",""images/Blue_Triangle.png"",""images/Blue_Triangle.png""]","true","[[179,237],[249,133],[194,21],[70,12],[0,116],[55,228]]","false",""
"visual-search-circle","54","2.2.0","207240","79210","visual_search_trial","620","","j","","","","","","","","","","null","red_circle","2","[""images/Red_Circle.png"",""images/Red_Circle.png"",""images/Red_Circle.png"",""images/Red_Circle.png"",""images/Red_Circle.png"",""images/Red_Circle.png""]","true","[[82,242],[205,220],[248,103],[167,7],[44,29],[1,146]]","false",""
"visual-search-circle","55","2.2.0","209318","79210","visual_search_trial","575","","f","","","","","","","","","","null","blue_triangle","2","[""images/Red_Triangle.png"",""images/Blue_Triangle.png"",""images/Blue_Triangle.png"",""images/Blue_Triangle.png"",""images/Blue_Triangle.png"",""images/Blue_Triangle.png"",""images/Blue_Triangle.png"",""images/Blue_Triangle.png"",""images/Blue_Triangle.png""]","true","[[70,237],[155,246],[226,198],[249,116],[214,38],[138,0],[55,21],[4,90],[10,175]]","true",""
"visual-search-circle","56","2.2.0","211857","79210","visual_search_trial","1037","","j","","","","","","","","","","null","red_circle","2","[""images/Red_Circle.png"",""images/Red_Circle.png"",""images/Red_Circle.png""]","true","[[150,2],[6,163],[217,208]]","false",""
"visual-search-circle","57","2.2.0","214325","79210","visual_search_trial","965","","f","","","","","","","","","","null","blue_triangle","2","[""images/Red_Triangle.png"",""images/Blue_Triangle.png"",""images/Blue_Triangle.png""]","true","[[247,148],[84,6],[42,219]]","true",""
"visual-search-circle","58","2.2.0","216504","79210","visual_search_trial","676","","f","","","","","","","","","","null","red_circle","2","[""images/Red_Triangle.png"",""images/Red_Circle.png"",""images/Red_Circle.png""]","true","[[46,222],[248,144],[80,8]]","true",""
"visual-search-circle","59","2.2.0","218800","79210","visual_search_trial","793","","f","","","","","","","","","","null","red_blue_mix","2","[""images/Red_Triangle.png"",""images/Blue_Circle.png"",""images/Blue_Circle.png""]","true","[[88,5],[39,216],[246,153]]","true",""
"visual-search-circle","60","2.2.0","220805","79210","visual_search_trial","500","","j","","","","","","","","","","null","red_circle","2","[""images/Red_Circle.png"",""images/Red_Circle.png"",""images/Red_Circle.png"",""images/Red_Circle.png"",""images/Red_Circle.png"",""images/Red_Circle.png"",""images/Red_Circle.png"",""images/Red_Circle.png"",""images/Red_Circle.png""]","true","[[165,6],[80,8],[15,64],[2,148],[46,222],[127,249],[207,219],[248,144],[232,60]]","false",""
"visual-search-circle","61","2.2.0","223491","79210","visual_search_trial","1181","","j","","","","","","","","","","null","red_blue_mix","2","[""images/Red_Circle.png"",""images/Blue_Circle.png"",""images/Blue_Triangle.png"",""images/Blue_Circle.png"",""images/Blue_Circle.png"",""images/Red_Circle.png"",""images/Red_Circle.png"",""images/Red_Circle.png"",""images/Blue_Circle.png""]","true","[[1,142],[41,217],[120,249],[201,223],[247,150],[235,66],[171,9],[86,6],[18,58]]","false",""
"visual-search-circle","62","2.2.0","226006","79210","visual_search_trial","1011","","f","","","","","","","","","","null","red_circle","2","[""images/Red_Triangle.png"",""images/Red_Circle.png"",""images/Red_Circle.png"",""images/Red_Circle.png"",""images/Red_Circle.png"",""images/Red_Circle.png"",""images/Red_Circle.png"",""images/Red_Circle.png"",""images/Red_Circle.png""]","true","[[219,42],[144,1],[60,17],[6,84],[8,169],[64,234],[148,247],[222,203],[249,122]]","true",""
"visual-search-circle","63","2.2.0","228375","79210","visual_search_trial","867","","j","","","","","","","","","","null","red_blue_mix","2","[""images/Blue_Triangle.png"",""images/Blue_Triangle.png"",""images/Blue_Triangle.png""]","true","[[35,38],[94,246],[245,90]]","false",""
"visual-search-circle","64","2.2.0","231095","79210","visual_search_trial","1216","","j","","","","","","","","","","null","blue_triangle","2","[""images/Blue_Triangle.png"",""images/Blue_Triangle.png"",""images/Blue_Triangle.png"",""images/Blue_Triangle.png"",""images/Blue_Triangle.png"",""images/Blue_Triangle.png"",""images/Blue_Triangle.png"",""images/Blue_Triangle.png"",""images/Blue_Triangle.png""]","true","[[185,234],[241,169],[243,84],[189,17],[105,1],[30,42],[0,122],[27,203],[101,247]]","false",""
"visual-search-circle","65","2.2.0","233155","79210","visual_search_trial","557","","f","","","","","","","","","","null","red_circle","2","[""images/Red_Triangle.png"",""images/Red_Circle.png"",""images/Red_Circle.png"",""images/Red_Circle.png"",""images/Red_Circle.png"",""images/Red_Circle.png""]","true","[[232,189],[234,64],[127,0],[17,60],[15,185],[122,249]]","true",""
"visual-search-circle","66","2.2.0","235521","79210","visual_search_trial","864","","f","","","","","","","","","","null","blue_triangle","2","[""images/Red_Triangle.png"",""images/Blue_Triangle.png"",""images/Blue_Triangle.png"",""images/Blue_Triangle.png"",""images/Blue_Triangle.png"",""images/Blue_Triangle.png""]","true","[[21,55],[12,179],[116,249],[228,194],[237,70],[133,0]]","true",""
"visual-search-circle","67","2.2.0","237990","79210","visual_search_trial","967","","j","","","","","","","","","","null","red_blue_mix","2","[""images/Red_Circle.png"",""images/Blue_Circle.png"",""images/Blue_Circle.png"",""images/Blue_Circle.png"",""images/Blue_Circle.png"",""images/Blue_Circle.png""]","true","[[9,173],[109,249],[224,200],[240,76],[140,0],[25,49]]","false",""
"visual-search-circle","68","2.2.0","242217","79210","visual_search_trial","2724","","j","","","","","","","","","","null","blue_triangle","2","[""images/Blue_Triangle.png"",""images/Blue_Triangle.png"",""images/Blue_Triangle.png""]","true","[[169,241],[203,27],[1,105]]","false",""
"visual-search-circle","69","2.2.0","244209","79210","visual_search_trial","489","","f","","","","","","","","","","null","red_blue_mix","2","[""images/Red_Triangle.png"",""images/Blue_Circle.png"",""images/Blue_Triangle.png"",""images/Blue_Circle.png"",""images/Blue_Circle.png"",""images/Blue_Circle.png"",""images/Blue_Circle.png"",""images/Blue_Circle.png"",""images/Blue_Triangle.png""]","true","[[2,99],[14,183],[78,240],[163,243],[231,191],[248,107],[208,32],[129,0],[48,26]]","true",""
"visual-search-circle","70","2.2.0","246938","79210","visual_search_trial","1226","","j","","","","","","","","","","null","red_blue_mix","3","[""images/Red_Circle.png"",""images/Blue_Circle.png"",""images/Red_Circle.png"",""images/Blue_Circle.png"",""images/Red_Circle.png"",""images/Red_Circle.png""]","true","[[107,1],[9,78],[26,201],[142,248],[240,171],[223,48]]","false",""
"visual-search-circle","71","2.2.0","249266","79210","visual_search_trial","825","","j","","","","","","","","","","null","red_circle","3","[""images/Red_Circle.png"",""images/Red_Circle.png"",""images/Red_Circle.png"",""images/Red_Circle.png"",""images/Red_Circle.png"",""images/Red_Circle.png"",""images/Red_Circle.png"",""images/Red_Circle.png"",""images/Red_Circle.png""]","true","[[144,1],[60,17],[6,84],[8,169],[64,234],[148,247],[222,203],[249,122],[219,42]]","false",""
"visual-search-circle","72","2.2.0","251533","79210","visual_search_trial","764","","j","","","","","","","","","","null","red_blue_mix","3","[""images/Blue_Circle.png"",""images/Red_Circle.png"",""images/Red_Circle.png"",""images/Red_Circle.png"",""images/Blue_Circle.png"",""images/Blue_Triangle.png"",""images/Blue_Triangle.png"",""images/Blue_Circle.png"",""images/Blue_Triangle.png""]","true","[[15,64],[2,148],[46,222],[127,249],[207,219],[248,144],[232,60],[165,6],[80,8]]","false",""
"visual-search-circle","73","2.2.0","254366","79210","visual_search_trial","1328","","j","","","","","","","","","","null","blue_triangle","3","[""images/Blue_Triangle.png"",""images/Blue_Triangle.png"",""images/Blue_Triangle.png"",""images/Blue_Triangle.png"",""images/Blue_Triangle.png"",""images/Blue_Triangle.png"",""images/Blue_Triangle.png"",""images/Blue_Triangle.png"",""images/Blue_Triangle.png""]","true","[[0,127],[30,207],[105,248],[189,232],[243,165],[241,80],[185,15],[101,2],[27,46]]","false",""
"visual-search-circle","74","2.2.0","257454","79210","visual_search_trial","1587","","j","","","","","","","","","","null","red_blue_mix","3","[""images/Red_Circle.png"",""images/Blue_Triangle.png"",""images/Blue_Circle.png""]","true","[[169,241],[203,27],[1,105]]","false",""
"visual-search-circle","75","2.2.0","259955","79210","visual_search_trial","996","","f","","","","","","","","","","null","blue_triangle","3","[""images/Red_Triangle.png"",""images/Blue_Triangle.png"",""images/Blue_Triangle.png"",""images/Blue_Triangle.png"",""images/Blue_Triangle.png"",""images/Blue_Triangle.png""]","true","[[23,51],[10,175],[111,249],[226,198],[239,74],[138,0]]","true",""
"visual-search-circle","76","2.2.0","262784","79210","visual_search_trial","1327","","j","","","","","","","","","","null","red_circle","3","[""images/Red_Circle.png"",""images/Red_Circle.png"",""images/Red_Circle.png""]","true","[[198,226],[175,10],[0,138]]","false",""
"visual-search-circle","77","2.2.0","265288","79210","visual_search_trial","1002","","j","","","","","","","","","","null","blue_triangle","3","[""images/Blue_Triangle.png"",""images/Blue_Triangle.png"",""images/Blue_Triangle.png""]","true","[[131,0],[13,181],[229,193]]","false",""
"visual-search-circle","78","2.2.0","267847","79210","visual_search_trial","1056","","j","","","","","","","","","","null","red_circle","3","[""images/Red_Circle.png"",""images/Red_Circle.png"",""images/Red_Circle.png"",""images/Red_Circle.png"",""images/Red_Circle.png"",""images/Red_Circle.png""]","true","[[248,146],[205,29],[82,7],[1,103],[44,220],[167,242]]","false",""
"visual-search-circle","79","2.2.0","272167","79210","visual_search_trial","2819","","f","","","","","","","","","","null","red_blue_mix","3","[""images/Red_Triangle.png"",""images/Blue_Circle.png"",""images/Blue_Circle.png""]","true","[[13,68],[131,249],[229,56]]","true",""
"visual-search-circle","80","2.2.0","274555","79210","visual_search_trial","886","","f","","","","","","","","","","null","red_circle","3","[""images/Red_Triangle.png"",""images/Red_Circle.png"",""images/Red_Circle.png""]","true","[[46,222],[248,144],[80,8]]","true",""
"visual-search-circle","81","2.2.0","277314","79210","visual_search_trial","1256","","f","","","","","","","","","","null","blue_triangle","3","[""images/Red_Triangle.png"",""images/Blue_Triangle.png"",""images/Blue_Triangle.png""]","true","[[3,155],[211,214],[159,4]]","true",""
"visual-search-circle","82","2.2.0","279931","79210","visual_search_trial","1114","","f","","","","","","","","","","null","red_blue_mix","3","[""images/Red_Triangle.png"",""images/Blue_Circle.png"",""images/Red_Circle.png"",""images/Blue_Circle.png"",""images/Red_Circle.png"",""images/Blue_Circle.png"",""images/Red_Circle.png"",""images/Red_Circle.png"",""images/Red_Circle.png""]","true","[[201,26],[120,0],[41,32],[1,107],[18,191],[86,243],[171,240],[235,183],[247,99]]","true",""
"visual-search-circle","83","2.2.0","282631","79210","visual_search_trial","1198","","j","","","","","","","","","","null","blue_triangle","3","[""images/Blue_Triangle.png"",""images/Blue_Triangle.png"",""images/Blue_Triangle.png"",""images/Blue_Triangle.png"",""images/Blue_Triangle.png"",""images/Blue_Triangle.png""]","true","[[224,49],[109,0],[9,76],[25,200],[140,249],[240,173]]","false",""
"visual-search-circle","84","2.2.0","284930","79210","visual_search_trial","795","","f","","","","","","","","","","null","red_blue_mix","3","[""images/Red_Triangle.png"",""images/Blue_Circle.png"",""images/Blue_Circle.png"",""images/Blue_Triangle.png"",""images/Blue_Triangle.png"",""images/Blue_Circle.png""]","true","[[235,66],[129,0],[18,58],[14,183],[120,249],[231,191]]","true",""
"visual-search-circle","85","2.2.0","287020","79210","visual_search_trial","586","","f","","","","","","","","","","null","red_circle","3","[""images/Red_Triangle.png"",""images/Red_Circle.png"",""images/Red_Circle.png"",""images/Red_Circle.png"",""images/Red_Circle.png"",""images/Red_Circle.png""]","true","[[35,211],[155,246],[245,159],[214,38],[94,3],[4,90]]","true",""
"visual-search-circle","86","2.2.0","289155","79210","visual_search_trial","629","","f","","","","","","","","","","null","blue_triangle","3","[""images/Red_Triangle.png"",""images/Blue_Triangle.png"",""images/Blue_Triangle.png"",""images/Blue_Triangle.png"",""images/Blue_Triangle.png"",""images/Blue_Triangle.png"",""images/Blue_Triangle.png"",""images/Blue_Triangle.png"",""images/Blue_Triangle.png""]","true","[[249,133],[226,51],[155,3],[70,12],[10,74],[4,159],[55,228],[138,249],[214,211]]","true",""
"visual-search-circle","87","2.2.0","291394","79210","visual_search_trial","735","","f","","","","","","","","","","null","red_circle","3","[""images/Red_Triangle.png"",""images/Red_Circle.png"",""images/Red_Circle.png"",""images/Red_Circle.png"",""images/Red_Circle.png"",""images/Red_Circle.png"",""images/Red_Circle.png"",""images/Red_Circle.png"",""images/Red_Circle.png""]","true","[[9,171],[66,235],[150,247],[223,201],[249,120],[217,41],[142,1],[58,18],[6,86]]","true",""
"html-keyboard-response","88","2.1.0","325144","79210","break","33751","<p>Great job so far! Please rest for a few seconds before continuing.</p>
                 <p>Press the <strong>N</strong> key on your keyboard to continue.</p>","n","","","","","","","","","","","","","","","","","N"
"visual-search-circle","89","2.2.0","333007","79210","visual_search_trial","6359","","j","","","","","","","","","","null","red_circle","4","[""images/Red_Circle.png"",""images/Red_Circle.png"",""images/Red_Circle.png"",""images/Red_Circle.png"",""images/Red_Circle.png"",""images/Red_Circle.png"",""images/Red_Circle.png"",""images/Red_Circle.png"",""images/Red_Circle.png""]","true","[[224,49],[153,3],[68,13],[9,76],[5,161],[56,229],[140,249],[216,210],[249,131]]","false",""
"visual-search-circle","90","2.2.0","335191","79210","visual_search_trial","681","","j","","","","","","","","","","null","red_blue_mix","4","[""images/Blue_Triangle.png"",""images/Red_Circle.png"",""images/Blue_Circle.png"",""images/Red_Circle.png"",""images/Blue_Triangle.png"",""images/Blue_Triangle.png""]","true","[[64,234],[189,232],[249,122],[185,15],[60,17],[0,127]]","false",""
"visual-search-circle","91","2.2.0","337309","79210","visual_search_trial","612","","j","","","","","","","","","","null","blue_triangle","4","[""images/Blue_Triangle.png"",""images/Blue_Triangle.png"",""images/Blue_Triangle.png"",""images/Blue_Triangle.png"",""images/Blue_Triangle.png"",""images/Blue_Triangle.png"",""images/Blue_Triangle.png"",""images/Blue_Triangle.png"",""images/Blue_Triangle.png""]","true","[[240,78],[183,14],[99,2],[26,48],[0,129],[32,208],[107,248],[191,231],[243,163]]","false",""
"visual-search-circle","92","2.2.0","339230","79210","visual_search_trial","419","","f","","","","","","","","","","null","red_blue_mix","4","[""images/Red_Triangle.png"",""images/Blue_Circle.png"",""images/Blue_Triangle.png""]","true","[[22,53],[114,249],[238,72]]","true",""
"visual-search-circle","93","2.2.0","341262","79210","visual_search_trial","530","","j","","","","","","","","","","null","blue_triangle","4","[""images/Blue_Triangle.png"",""images/Blue_Triangle.png"",""images/Blue_Triangle.png""]","true","[[55,21],[70,237],[249,116]]","false",""
"visual-search-circle","94","2.2.0","343373","79210","visual_search_trial","606","","f","","","","","","","","","","null","red_circle","4","[""images/Red_Triangle.png"",""images/Red_Circle.png"",""images/Red_Circle.png"",""images/Red_Circle.png"",""images/Red_Circle.png"",""images/Red_Circle.png"",""images/Red_Circle.png"",""images/Red_Circle.png"",""images/Red_Circle.png""]","true","[[183,14],[99,2],[26,48],[0,129],[32,208],[107,248],[191,231],[243,163],[240,78]]","true",""
"visual-search-circle","95","2.2.0","345576","79210","visual_search_trial","700","","j","","","","","","","","","","null","red_blue_mix","4","[""images/Red_Circle.png"",""images/Red_Circle.png"",""images/Blue_Circle.png""]","true","[[23,51],[111,249],[239,74]]","false",""
"visual-search-circle","96","2.2.0","347746","79210","visual_search_trial","666","","j","","","","","","","","","","null","red_circle","4","[""images/Red_Circle.png"",""images/Red_Circle.png"",""images/Red_Circle.png""]","true","[[142,1],[9,171],[223,201]]","false",""
"visual-search-circle","97","2.2.0","350024","79210","visual_search_trial","777","","f","","","","","","","","","","null","blue_triangle","4","[""images/Red_Triangle.png"",""images/Blue_Triangle.png"",""images/Blue_Triangle.png""]","true","[[167,7],[1,146],[205,220]]","true",""
"visual-search-circle","98","2.2.0","352126","79210","visual_search_trial","600","","j","","","","","","","","","","null","red_circle","4","[""images/Red_Circle.png"",""images/Red_Circle.png"",""images/Red_Circle.png"",""images/Red_Circle.png"",""images/Red_Circle.png"",""images/Red_Circle.png""]","true","[[249,120],[183,14],[58,18],[0,129],[66,235],[191,231]]","false",""
"visual-search-circle","99","2.2.0","354200","79210","visual_search_trial","571","","f","","","","","","","","","","null","blue_triangle","4","[""images/Red_Triangle.png"",""images/Blue_Triangle.png"",""images/Blue_Triangle.png"",""images/Blue_Triangle.png"",""images/Blue_Triangle.png"",""images/Blue_Triangle.png""]","true","[[92,4],[4,92],[36,213],[157,245],[245,157],[213,36]]","true",""
"visual-search-circle","100","2.2.0","356612","79210","visual_search_trial","907","","f","","","","","","","","","","null","red_blue_mix","4","[""images/Red_Triangle.png"",""images/Red_Circle.png"",""images/Red_Circle.png"",""images/Blue_Circle.png"",""images/Blue_Circle.png"",""images/Blue_Triangle.png""]","true","[[18,191],[129,249],[235,183],[231,58],[120,0],[14,66]]","true",""
"visual-search-circle","101","2.2.0","358712","79210","visual_search_trial","598","","j","","","","","","","","","","null","blue_triangle","4","[""images/Blue_Triangle.png"",""images/Blue_Triangle.png"",""images/Blue_Triangle.png"",""images/Blue_Triangle.png"",""images/Blue_Triangle.png"",""images/Blue_Triangle.png""]","true","[[80,8],[1,105],[46,222],[169,241],[248,144],[203,27]]","false",""
"visual-search-circle","102","2.2.0","364708","79210","visual_search_trial","4493","","f","","","","","","","","","","null","red_circle","4","[""images/Red_Triangle.png"",""images/Red_Circle.png"",""images/Red_Circle.png"",""images/Red_Circle.png"",""images/Red_Circle.png"",""images/Red_Circle.png""]","true","[[11,177],[114,249],[227,196],[238,72],[135,0],[22,53]]","true",""
"visual-search-circle","103","2.2.0","367338","79210","visual_search_trial","1127","","j","","","","","","","","","","null","red_blue_mix","4","[""images/Blue_Circle.png"",""images/Blue_Circle.png"",""images/Blue_Circle.png"",""images/Red_Circle.png"",""images/Blue_Triangle.png"",""images/Blue_Circle.png"",""images/Red_Circle.png"",""images/Red_Circle.png"",""images/Blue_Triangle.png""]","true","[[144,248],[219,207],[249,127],[222,46],[148,2],[64,15],[8,80],[6,165],[60,232]]","false",""
"visual-search-circle","104","2.2.0","369365","79210","visual_search_trial","522","","f","","","","","","","","","","null","blue_triangle","4","[""images/Red_Triangle.png"",""images/Blue_Triangle.png"",""images/Blue_Triangle.png"",""images/Blue_Triangle.png"",""images/Blue_Triangle.png"",""images/Blue_Triangle.png"",""images/Blue_Triangle.png"",""images/Blue_Triangle.png"",""images/Blue_Triangle.png""]","true","[[78,9],[14,66],[2,150],[48,223],[129,249],[208,217],[248,142],[231,58],[163,6]]","true",""
"visual-search-circle","105","2.2.0","371727","79210","visual_search_trial","855","","f","","","","","","","","","","null","red_blue_mix","4","[""images/Red_Triangle.png"",""images/Blue_Triangle.png"",""images/Blue_Circle.png"",""images/Red_Circle.png"",""images/Red_Circle.png"",""images/Blue_Triangle.png"",""images/Blue_Circle.png"",""images/Blue_Circle.png"",""images/Blue_Circle.png""]","true","[[9,173],[68,236],[153,246],[224,200],[249,118],[216,39],[140,0],[56,20],[5,88]]","true",""
"visual-search-circle","106","2.2.0","373844","79210","visual_search_trial","613","","f","","","","","","","","","","null","red_circle","4","[""images/Red_Triangle.png"",""images/Red_Circle.png"",""images/Red_Circle.png""]","true","[[101,2],[30,207],[243,165]]","true",""
"visual-search-circle","107","2.2.0","378025","79210","visual_search_trial","2679","","f","","","","","","","","","","null","red_circle","5","[""images/Red_Triangle.png"",""images/Red_Circle.png"",""images/Red_Circle.png""]","true","[[0,135],[196,227],[177,11]]","true",""
"visual-search-circle","108","2.2.0","380677","79210","visual_search_trial","1149","","f","","","","","","","","","","null","red_blue_mix","5","[""images/Red_Triangle.png"",""images/Red_Circle.png"",""images/Blue_Triangle.png""]","true","[[249,111],[51,23],[74,239]]","true",""
"visual-search-circle","109","2.2.0","383576","79210","visual_search_trial","1397","","j","","","","","","","","","","null","blue_triangle","5","[""images/Blue_Triangle.png"",""images/Blue_Triangle.png"",""images/Blue_Triangle.png"",""images/Blue_Triangle.png"",""images/Blue_Triangle.png"",""images/Blue_Triangle.png"",""images/Blue_Triangle.png"",""images/Blue_Triangle.png"",""images/Blue_Triangle.png""]","true","[[48,26],[2,99],[14,183],[78,240],[163,243],[231,191],[248,107],[208,32],[129,0]]","false",""
"visual-search-circle","110","2.2.0","385547","79210","visual_search_trial","467","","f","","","","","","","","","","null","red_circle","5","[""images/Red_Triangle.png"",""images/Red_Circle.png"",""images/Red_Circle.png"",""images/Red_Circle.png"",""images/Red_Circle.png"",""images/Red_Circle.png""]","true","[[148,2],[30,42],[6,165],[101,247],[219,207],[243,84]]","true",""
"visual-search-circle","111","2.2.0","387651","79210","visual_search_trial","601","","f","","","","","","","","","","null","red_blue_mix","5","[""images/Red_Triangle.png"",""images/Red_Circle.png"",""images/Blue_Circle.png"",""images/Blue_Circle.png"",""images/Blue_Triangle.png"",""images/Blue_Circle.png"",""images/Red_Circle.png"",""images/Blue_Triangle.png"",""images/Red_Circle.png""]","true","[[60,17],[6,84],[8,169],[64,234],[148,247],[222,203],[249,122],[219,42],[144,1]]","true",""
"visual-search-circle","112","2.2.0","392520","79210","visual_search_trial","3366","","f","","","","","","","","","","null","blue_triangle","5","[""images/Red_Triangle.png"",""images/Blue_Triangle.png"",""images/Blue_Triangle.png"",""images/Blue_Triangle.png"",""images/Blue_Triangle.png"",""images/Blue_Triangle.png""]","true","[[167,7],[44,29],[1,146],[82,242],[205,220],[248,103]]","true",""
"visual-search-circle","113","2.2.0","395213","79210","visual_search_trial","1191","","j","","","","","","","","","","null","red_blue_mix","5","[""images/Blue_Triangle.png"",""images/Red_Circle.png"",""images/Red_Circle.png""]","true","[[213,36],[4,92],[157,245]]","false",""
"visual-search-circle","114","2.2.0","398571","79210","visual_search_trial","1856","","j","","","","","","","","","","null","red_circle","5","[""images/Red_Circle.png"",""images/Red_Circle.png"",""images/Red_Circle.png""]","true","[[165,243],[207,30],[2,101]]","false",""
"visual-search-circle","115","2.2.0","401712","79210","visual_search_trial","1639","","j","","","","","","","","","","null","red_blue_mix","5","[""images/Red_Circle.png"",""images/Blue_Circle.png"",""images/Red_Circle.png"",""images/Blue_Triangle.png"",""images/Red_Circle.png"",""images/Red_Circle.png""]","true","[[236,181],[229,56],[118,0],[13,68],[20,193],[131,249]]","false",""
"visual-search-circle","116","2.2.0","403857","79210","visual_search_trial","642","","f","","","","","","","","","","null","blue_triangle","5","[""images/Red_Triangle.png"",""images/Blue_Triangle.png"",""images/Blue_Triangle.png""]","true","[[153,3],[5,161],[216,210]]","true",""
"visual-search-circle","117","2.2.0","406152","79210","visual_search_trial","793","","j","","","","","","","","","","null","red_circle","5","[""images/Red_Circle.png"",""images/Red_Circle.png"",""images/Red_Circle.png"",""images/Red_Circle.png"",""images/Red_Circle.png"",""images/Red_Circle.png"",""images/Red_Circle.png"",""images/Red_Circle.png"",""images/Red_Circle.png""]","true","[[240,173],[244,88],[193,20],[109,0],[33,39],[0,118],[25,200],[96,246],[181,236]]","false",""
"visual-search-circle","118","2.2.0","408723","79210","visual_search_trial","1068","","j","","","","","","","","","","null","red_blue_mix","5","[""images/Blue_Circle.png"",""images/Blue_Circle.png"",""images/Blue_Triangle.png"",""images/Red_Circle.png"",""images/Blue_Circle.png"",""images/Red_Circle.png"",""images/Red_Circle.png"",""images/Blue_Circle.png"",""images/Blue_Circle.png""]","true","[[116,0],[38,35],[0,111],[21,194],[90,245],[175,239],[237,179],[246,94],[198,23]]","false",""
"visual-search-circle","119","2.2.0","411673","79210","visual_search_trial","1443","","f","","","","","","","","","","null","blue_triangle","5","[""images/Red_Triangle.png"",""images/Blue_Triangle.png"",""images/Blue_Triangle.png"",""images/Blue_Triangle.png"",""images/Blue_Triangle.png"",""images/Blue_Triangle.png"",""images/Blue_Triangle.png"",""images/Blue_Triangle.png"",""images/Blue_Triangle.png""]","true","[[249,114],[213,36],[135,0],[53,22],[4,92],[11,177],[72,238],[157,245],[227,196]]","true",""
"visual-search-circle","120","2.2.0","414335","79210","visual_search_trial","1158","","f","","","","","","","","","","null","red_blue_mix","5","[""images/Red_Triangle.png"",""images/Red_Circle.png"",""images/Blue_Circle.png"",""images/Red_Circle.png"",""images/Blue_Circle.png"",""images/Red_Circle.png""]","true","[[161,5],[39,33],[3,153],[88,244],[210,216],[246,96]]","true",""
"visual-search-circle","121","2.2.0","416803","79210","visual_search_trial","963","","f","","","","","","","","","","null","red_circle","5","[""images/Red_Triangle.png"",""images/Red_Circle.png"",""images/Red_Circle.png"",""images/Red_Circle.png"",""images/Red_Circle.png"",""images/Red_Circle.png"",""images/Red_Circle.png"",""images/Red_Circle.png"",""images/Red_Circle.png""]","true","[[114,249],[196,227],[245,157],[238,72],[177,11],[92,4],[22,53],[0,135],[36,213]]","true",""
"visual-search-circle","122","2.2.0","418905","79210","visual_search_trial","599","","j","","","","","","","","","","null","blue_triangle","5","[""images/Blue_Triangle.png"",""images/Blue_Triangle.png"",""images/Blue_Triangle.png""]","true","[[20,193],[236,181],[118,0]]","false",""
"visual-search-circle","123","2.2.0","421554","79210","visual_search_trial","1146","","j","","","","","","","","","","null","red_circle","5","[""images/Red_Circle.png"",""images/Red_Circle.png"",""images/Red_Circle.png"",""images/Red_Circle.png"",""images/Red_Circle.png"",""images/Red_Circle.png""]","true","[[217,208],[243,86],[150,2],[32,41],[6,163],[99,247]]","false",""
"visual-search-circle","124","2.2.0","424157","79210","visual_search_trial","1100","","j","","","","","","","","","","null","blue_triangle","5","[""images/Blue_Triangle.png"",""images/Blue_Triangle.png"",""images/Blue_Triangle.png"",""images/Blue_Triangle.png"",""images/Blue_Triangle.png"",""images/Blue_Triangle.png""]","true","[[0,138],[74,239],[198,226],[249,111],[175,10],[51,23]]","false",""
"html-keyboard-response","125","2.1.0","427019","79210","break","2862","<p>Great job so far! Please rest for a few seconds before continuing.</p>
                 <p>Press the <strong>B</strong> key on your keyboard to continue.</p>","b","","","","","","","","","","","","","","","","","B"
"visual-search-circle","126","2.2.0","429169","79210","visual_search_trial","649","","j","","","","","","","","","","null","red_circle","6","[""images/Red_Circle.png"",""images/Red_Circle.png"",""images/Red_Circle.png""]","true","[[234,64],[17,60],[122,249]]","false",""
"visual-search-circle","127","2.2.0","431480","79210","visual_search_trial","809","","f","","","","","","","","","","null","red_blue_mix","6","[""images/Red_Triangle.png"",""images/Blue_Triangle.png"",""images/Red_Circle.png""]","true","[[68,13],[56,229],[249,131]]","true",""
"visual-search-circle","128","2.2.0","433608","79210","visual_search_trial","626","","j","","","","","","","","","","null","red_circle","6","[""images/Red_Circle.png"",""images/Red_Circle.png"",""images/Red_Circle.png"",""images/Red_Circle.png"",""images/Red_Circle.png"",""images/Red_Circle.png""]","true","[[3,153],[88,244],[210,216],[246,96],[161,5],[39,33]]","false",""
"visual-search-circle","129","2.2.0","436100","79210","visual_search_trial","989","","j","","","","","","","","","","null","red_blue_mix","6","[""images/Blue_Triangle.png"",""images/Blue_Circle.png"",""images/Red_Circle.png"",""images/Red_Circle.png"",""images/Blue_Circle.png"",""images/Blue_Circle.png"",""images/Blue_Triangle.png"",""images/Blue_Triangle.png"",""images/Red_Circle.png""]","true","[[9,78],[6,163],[58,231],[142,248],[217,208],[249,129],[223,48],[150,2],[66,14]]","false",""
"visual-search-circle","130","2.2.0","438153","79210","visual_search_trial","551","","f","","","","","","","","","","null","blue_triangle","6","[""images/Red_Triangle.png"",""images/Blue_Triangle.png"",""images/Blue_Triangle.png""]","true","[[229,56],[13,68],[131,249]]","true",""
"visual-search-circle","131","2.2.0","440432","79210","visual_search_trial","774","","f","","","","","","","","","","null","red_circle","6","[""images/Red_Triangle.png"",""images/Red_Circle.png"",""images/Red_Circle.png"",""images/Red_Circle.png"",""images/Red_Circle.png"",""images/Red_Circle.png""]","true","[[80,241],[203,222],[248,105],[169,8],[46,27],[1,144]]","true",""
"visual-search-circle","132","2.2.0","442605","79210","visual_search_trial","670","","j","","","","","","","","","","null","red_blue_mix","6","[""images/Blue_Circle.png"",""images/Blue_Triangle.png"",""images/Blue_Triangle.png""]","true","[[127,0],[15,185],[232,189]]","false",""
"visual-search-circle","133","2.2.0","444748","79210","visual_search_trial","636","","f","","","","","","","","","","null","blue_triangle","6","[""images/Red_Triangle.png"",""images/Blue_Triangle.png"",""images/Blue_Triangle.png"",""images/Blue_Triangle.png"",""images/Blue_Triangle.png"",""images/Blue_Triangle.png"",""images/Blue_Triangle.png"",""images/Blue_Triangle.png"",""images/Blue_Triangle.png""]","true","[[187,16],[103,1],[29,44],[0,125],[29,205],[103,248],[187,233],[242,167],[242,82]]","true",""
"visual-search-circle","134","2.2.0","447251","79210","visual_search_trial","1000","","f","","","","","","","","","","null","red_blue_mix","6","[""images/Red_Triangle.png"",""images/Red_Circle.png"",""images/Blue_Circle.png"",""images/Blue_Triangle.png"",""images/Blue_Circle.png"",""images/Blue_Circle.png"",""images/Blue_Circle.png"",""images/Red_Circle.png"",""images/Blue_Circle.png""]","true","[[217,208],[249,129],[223,48],[150,2],[66,14],[9,78],[6,163],[58,231],[142,248]]","true",""
"visual-search-circle","135","2.2.0","449903","79210","visual_search_trial","1149","","j","","","","","","","","","","null","blue_triangle","6","[""images/Blue_Triangle.png"",""images/Blue_Triangle.png"",""images/Blue_Triangle.png""]","true","[[12,179],[228,194],[133,0]]","false",""
"visual-search-circle","136","2.2.0","452457","79210","visual_search_trial","1051","","f","","","","","","","","","","null","red_circle","6","[""images/Red_Triangle.png"",""images/Red_Circle.png"",""images/Red_Circle.png""]","true","[[0,122],[185,234],[189,17]]","true",""
"visual-search-circle","137","2.2.0","454665","79210","visual_search_trial","703","","j","","","","","","","","","","null","blue_triangle","6","[""images/Blue_Triangle.png"",""images/Blue_Triangle.png"",""images/Blue_Triangle.png"",""images/Blue_Triangle.png"",""images/Blue_Triangle.png"",""images/Blue_Triangle.png"",""images/Blue_Triangle.png"",""images/Blue_Triangle.png"",""images/Blue_Triangle.png""]","true","[[26,201],[99,247],[183,235],[240,171],[243,86],[191,18],[107,1],[32,41],[0,120]]","false",""
"visual-search-circle","138","2.2.0","457163","79210","visual_search_trial","993","","j","","","","","","","","","","null","red_circle","6","[""images/Red_Circle.png"",""images/Red_Circle.png"",""images/Red_Circle.png"",""images/Red_Circle.png"",""images/Red_Circle.png"",""images/Red_Circle.png"",""images/Red_Circle.png"",""images/Red_Circle.png"",""images/Red_Circle.png""]","true","[[0,116],[23,198],[94,246],[179,237],[239,175],[245,90],[194,21],[111,0],[35,38]]","false",""
"visual-search-circle","139","2.2.0","459515","79210","visual_search_trial","847","","j","","","","","","","","","","null","red_blue_mix","6","[""images/Blue_Triangle.png"",""images/Blue_Circle.png"",""images/Blue_Triangle.png"",""images/Blue_Circle.png"",""images/Blue_Triangle.png"",""images/Blue_Triangle.png""]","true","[[213,213],[245,92],[157,4],[36,36],[4,157],[92,245]]","false",""
"visual-search-circle","140","2.2.0","462094","79210","visual_search_trial","1077","","j","","","","","","","","","","null","blue_triangle","6","[""images/Blue_Triangle.png"",""images/Blue_Triangle.png"",""images/Blue_Triangle.png"",""images/Blue_Triangle.png"",""images/Blue_Triangle.png"",""images/Blue_Triangle.png""]","true","[[249,109],[173,9],[49,25],[0,140],[76,240],[200,224]]","false",""
"visual-search-circle","141","2.2.0","467370","79210","visual_search_trial","3773","","f","","","","","","","","","","null","red_blue_mix","6","[""images/Red_Triangle.png"",""images/Blue_Circle.png"",""images/Red_Circle.png"",""images/Blue_Circle.png"",""images/Red_Circle.png"",""images/Blue_Circle.png""]","true","[[249,133],[194,21],[70,12],[0,116],[55,228],[179,237]]","true",""
"visual-search-circle","142","2.2.0","469474","79210","visual_search_trial","603","","f","","","","","","","","","","null","blue_triangle","6","[""images/Red_Triangle.png"",""images/Blue_Triangle.png"",""images/Blue_Triangle.png"",""images/Blue_Triangle.png"",""images/Blue_Triangle.png"",""images/Blue_Triangle.png""]","true","[[249,133],[194,21],[70,12],[0,116],[55,228],[179,237]]","true",""
"visual-search-circle","143","2.2.0","472166","79210","visual_search_trial","1188","","f","","","","","","","","","","null","red_circle","6","[""images/Red_Triangle.png"",""images/Red_Circle.png"",""images/Red_Circle.png"",""images/Red_Circle.png"",""images/Red_Circle.png"",""images/Red_Circle.png"",""images/Red_Circle.png"",""images/Red_Circle.png"",""images/Red_Circle.png""]","true","[[244,161],[240,76],[181,13],[96,3],[25,49],[0,131],[33,210],[109,249],[193,229]]","true",""
"visual-search-circle","144","2.2.0","474778","79210","visual_search_trial","1107","","j","","","","","","","","","","null","blue_triangle","7","[""images/Blue_Triangle.png"",""images/Blue_Triangle.png"",""images/Blue_Triangle.png"",""images/Blue_Triangle.png"",""images/Blue_Triangle.png"",""images/Blue_Triangle.png"",""images/Blue_Triangle.png"",""images/Blue_Triangle.png"",""images/Blue_Triangle.png""]","true","[[194,21],[111,0],[35,38],[0,116],[23,198],[94,246],[179,237],[239,175],[245,90]]","false",""
"visual-search-circle","145","2.2.0","477268","79210","visual_search_trial","989","","f","","","","","","","","","","null","red_circle","7","[""images/Red_Triangle.png"",""images/Red_Circle.png"",""images/Red_Circle.png""]","true","[[120,249],[235,66],[18,58]]","true",""
"visual-search-circle","146","2.2.0","479421","79210","visual_search_trial","650","","f","","","","","","","","","","null","red_blue_mix","7","[""images/Red_Triangle.png"",""images/Red_Circle.png"",""images/Blue_Circle.png""]","true","[[238,177],[114,0],[22,196]]","true",""
"visual-search-circle","147","2.2.0","481530","79210","visual_search_trial","606","","j","","","","","","","","","","null","red_circle","7","[""images/Red_Circle.png"",""images/Red_Circle.png"",""images/Red_Circle.png"",""images/Red_Circle.png"",""images/Red_Circle.png"",""images/Red_Circle.png"",""images/Red_Circle.png"",""images/Red_Circle.png"",""images/Red_Circle.png""]","true","[[0,122],[27,203],[101,247],[185,234],[241,169],[243,84],[189,17],[105,1],[30,42]]","false",""
"visual-search-circle","148","2.2.0","483944","79210","visual_search_trial","911","","j","","","","","","","","","","null","blue_triangle","7","[""images/Blue_Triangle.png"",""images/Blue_Triangle.png"",""images/Blue_Triangle.png""]","true","[[238,177],[114,0],[22,196]]","false",""
"visual-search-circle","149","2.2.0","485992","79210","visual_search_trial","545","","f","","","","","","","","","","null","red_blue_mix","7","[""images/Red_Triangle.png"",""images/Blue_Triangle.png"",""images/Blue_Circle.png"",""images/Blue_Triangle.png"",""images/Blue_Circle.png"",""images/Red_Circle.png""]","true","[[20,56],[13,181],[118,249],[229,193],[236,68],[131,0]]","true",""
"visual-search-circle","150","2.2.0","488464","79210","visual_search_trial","968","","j","","","","","","","","","","null","blue_triangle","7","[""images/Blue_Triangle.png"",""images/Blue_Triangle.png"",""images/Blue_Triangle.png"",""images/Blue_Triangle.png"",""images/Blue_Triangle.png"",""images/Blue_Triangle.png""]","true","[[140,249],[240,173],[224,49],[109,0],[9,76],[25,200]]","false",""
"visual-search-circle","151","2.2.0","490602","79210","visual_search_trial","635","","j","","","","","","","","","","null","red_circle","7","[""images/Red_Circle.png"",""images/Red_Circle.png"",""images/Red_Circle.png""]","true","[[26,48],[107,248],[240,78]]","false",""
"visual-search-circle","152","2.2.0","495925","79210","visual_search_trial","3821","","j","","","","","","","","","","null","red_blue_mix","7","[""images/Blue_Triangle.png"",""images/Blue_Triangle.png"",""images/Blue_Triangle.png"",""images/Blue_Circle.png"",""images/Red_Circle.png"",""images/Blue_Circle.png""]","true","[[241,169],[222,46],[105,1],[8,80],[27,203],[144,248]]","false",""
"visual-search-circle","153","2.2.0","498112","79210","visual_search_trial","680","","f","","","","","","","","","","null","red_circle","7","[""images/Red_Triangle.png"",""images/Red_Circle.png"",""images/Red_Circle.png"",""images/Red_Circle.png"",""images/Red_Circle.png"",""images/Red_Circle.png"",""images/Red_Circle.png"",""images/Red_Circle.png"",""images/Red_Circle.png""]","true","[[249,135],[227,53],[157,4],[72,11],[11,72],[4,157],[53,227],[135,249],[213,213]]","true",""
"visual-search-circle","154","2.2.0","502083","79210","visual_search_trial","2470","","f","","","","","","","","","","null","blue_triangle","7","[""images/Red_Triangle.png"",""images/Blue_Triangle.png"",""images/Blue_Triangle.png""]","true","[[3,153],[210,216],[161,5]]","true",""
"visual-search-circle","155","2.2.0","504564","79210","visual_search_trial","975","","j","","","","","","","","","","null","red_blue_mix","7","[""images/Blue_Triangle.png"",""images/Red_Circle.png"",""images/Blue_Circle.png""]","true","[[238,177],[114,0],[22,196]]","false",""
"visual-search-circle","156","2.2.0","507543","79210","visual_search_trial","1473","","f","","","","","","","","","","null","blue_triangle","7","[""images/Red_Triangle.png"",""images/Blue_Triangle.png"",""images/Blue_Triangle.png"",""images/Blue_Triangle.png"",""images/Blue_Triangle.png"",""images/Blue_Triangle.png"",""images/Blue_Triangle.png"",""images/Blue_Triangle.png"",""images/Blue_Triangle.png""]","true","[[84,243],[169,241],[234,185],[247,101],[203,27],[122,0],[42,30],[1,105],[17,189]]","true",""
"visual-search-circle","157","2.2.0","510148","79210","visual_search_trial","1103","","j","","","","","","","","","","null","red_circle","7","[""images/Red_Circle.png"",""images/Red_Circle.png"",""images/Red_Circle.png"",""images/Red_Circle.png"",""images/Red_Circle.png"",""images/Red_Circle.png""]","true","[[244,88],[153,3],[33,39],[5,161],[96,246],[216,210]]","false",""
"visual-search-circle","158","2.2.0","513052","79210","visual_search_trial","1401","","j","","","","","","","","","","null","red_blue_mix","7","[""images/Red_Circle.png"",""images/Blue_Circle.png"",""images/Red_Circle.png"",""images/Red_Circle.png"",""images/Red_Circle.png"",""images/Blue_Circle.png"",""images/Blue_Triangle.png"",""images/Blue_Circle.png"",""images/Blue_Triangle.png""]","true","[[0,122],[27,203],[101,247],[185,234],[241,169],[243,84],[189,17],[105,1],[30,42]]","false",""
"visual-search-circle","159","2.2.0","515337","79210","visual_search_trial","780","","f","","","","","","","","","","null","blue_triangle","7","[""images/Red_Triangle.png"",""images/Blue_Triangle.png"",""images/Blue_Triangle.png"",""images/Blue_Triangle.png"",""images/Blue_Triangle.png"",""images/Blue_Triangle.png""]","true","[[248,144],[203,27],[80,8],[1,105],[46,222],[169,241]]","true",""
"visual-search-circle","160","2.2.0","518434","79210","visual_search_trial","1591","","f","","","","","","","","","","null","red_blue_mix","7","[""images/Red_Triangle.png"",""images/Blue_Circle.png"",""images/Red_Circle.png"",""images/Blue_Circle.png"",""images/Red_Circle.png"",""images/Blue_Triangle.png"",""images/Blue_Circle.png"",""images/Red_Circle.png"",""images/Blue_Triangle.png""]","true","[[21,55],[0,138],[38,214],[116,249],[198,226],[246,155],[237,70],[175,10],[90,4]]","true",""
"visual-search-circle","161","2.2.0","521142","79210","visual_search_trial","1204","","f","","","","","","","","","","null","red_circle","7","[""images/Red_Triangle.png"",""images/Red_Circle.png"",""images/Red_Circle.png"",""images/Red_Circle.png"",""images/Red_Circle.png"",""images/Red_Circle.png""]","true","[[64,15],[0,122],[60,232],[185,234],[249,127],[189,17]]","true",""
"html-keyboard-response","162","2.1.0","535523","79210","break","14381","<p>Great job so far! Please rest for a few seconds before continuing.</p>
                 <p>Press the <strong>A</strong> key on your keyboard to continue.</p>","a","","","","","","","","","","","","","","","","","A"
"visual-search-circle","163","2.2.0","539693","79210","visual_search_trial","2664","","j","","","","","","","","","","null","red_blue_mix","8","[""images/Red_Circle.png"",""images/Blue_Circle.png"",""images/Blue_Triangle.png""]","true","[[44,29],[82,242],[248,103]]","false",""
"visual-search-circle","164","2.2.0","542673","79210","visual_search_trial","1476","","j","","","","","","","","","","null","blue_triangle","8","[""images/Blue_Triangle.png"",""images/Blue_Triangle.png"",""images/Blue_Triangle.png""]","true","[[125,250],[233,62],[16,62]]","false",""
"visual-search-circle","165","2.2.0","546343","79210","visual_search_trial","2168","","f","","","","","","","","","","null","red_circle","8","[""images/Red_Triangle.png"",""images/Red_Circle.png"",""images/Red_Circle.png""]","true","[[23,51],[111,249],[239,74]]","true",""
"visual-search-circle","166","2.2.0","548501","79210","visual_search_trial","654","","f","","","","","","","","","","null","blue_triangle","8","[""images/Red_Triangle.png"",""images/Blue_Triangle.png"",""images/Blue_Triangle.png"",""images/Blue_Triangle.png"",""images/Blue_Triangle.png"",""images/Blue_Triangle.png"",""images/Blue_Triangle.png"",""images/Blue_Triangle.png"",""images/Blue_Triangle.png""]","true","[[246,153],[236,68],[173,9],[88,5],[20,56],[0,140],[39,216],[118,249],[200,224]]","true",""
"visual-search-circle","167","2.2.0","550737","79210","visual_search_trial","734","","f","","","","","","","","","","null","red_blue_mix","8","[""images/Red_Triangle.png"",""images/Red_Circle.png"",""images/Red_Circle.png""]","true","[[70,12],[55,228],[249,133]]","true",""
"visual-search-circle","168","2.2.0","552754","79210","visual_search_trial","516","","j","","","","","","","","","","null","red_circle","8","[""images/Red_Circle.png"",""images/Red_Circle.png"",""images/Red_Circle.png""]","true","[[55,21],[70,237],[249,116]]","false",""
"visual-search-circle","169","2.2.0","554729","79210","visual_search_trial","473","","f","","","","","","","","","","null","blue_triangle","8","[""images/Red_Triangle.png"",""images/Blue_Triangle.png"",""images/Blue_Triangle.png"",""images/Blue_Triangle.png"",""images/Blue_Triangle.png"",""images/Blue_Triangle.png""]","true","[[236,68],[131,0],[20,56],[13,181],[118,249],[229,193]]","true",""
"visual-search-circle","170","2.2.0","556813","79210","visual_search_trial","580","","f","","","","","","","","","","null","red_circle","8","[""images/Red_Triangle.png"",""images/Red_Circle.png"",""images/Red_Circle.png"",""images/Red_Circle.png"",""images/Red_Circle.png"",""images/Red_Circle.png""]","true","[[0,125],[62,233],[187,233],[250,125],[187,16],[62,16]]","true",""
"visual-search-circle","171","2.2.0","559412","79210","visual_search_trial","1094","","f","","","","","","","","","","null","red_blue_mix","8","[""images/Red_Triangle.png"",""images/Red_Circle.png"",""images/Blue_Circle.png"",""images/Blue_Triangle.png"",""images/Red_Circle.png"",""images/Red_Circle.png"",""images/Blue_Triangle.png"",""images/Blue_Triangle.png"",""images/Blue_Circle.png""]","true","[[120,249],[201,223],[247,150],[235,66],[171,9],[86,6],[18,58],[1,142],[41,217]]","true",""
"visual-search-circle","172","2.2.0","561839","79210","visual_search_trial","922","","j","","","","","","","","","","null","red_circle","8","[""images/Red_Circle.png"",""images/Red_Circle.png"",""images/Red_Circle.png"",""images/Red_Circle.png"",""images/Red_Circle.png"",""images/Red_Circle.png"",""images/Red_Circle.png"",""images/Red_Circle.png"",""images/Red_Circle.png""]","true","[[247,101],[203,27],[122,0],[42,30],[1,105],[17,189],[84,243],[169,241],[234,185]]","false",""
"visual-search-circle","173","2.2.0","574555","79210","visual_search_trial","11214","","j","","","","","","","","","","null","red_blue_mix","8","[""images/Red_Circle.png"",""images/Blue_Triangle.png"",""images/Blue_Triangle.png"",""images/Red_Circle.png"",""images/Blue_Triangle.png"",""images/Blue_Triangle.png""]","true","[[155,246],[245,159],[214,38],[94,3],[4,90],[35,211]]","false",""
"visual-search-circle","174","2.2.0","577673","79210","visual_search_trial","1614","","f","","","","","","","","","","null","red_circle","8","[""images/Red_Triangle.png"",""images/Red_Circle.png"",""images/Red_Circle.png"",""images/Red_Circle.png"",""images/Red_Circle.png"",""images/Red_Circle.png"",""images/Red_Circle.png"",""images/Red_Circle.png"",""images/Red_Circle.png""]","true","[[173,9],[88,5],[20,56],[0,140],[39,216],[118,249],[200,224],[246,153],[236,68]]","true",""
"visual-search-circle","175","2.2.0","580296","79210","visual_search_trial","1120","","f","","","","","","","","","","null","blue_triangle","8","[""images/Red_Triangle.png"",""images/Blue_Triangle.png"",""images/Blue_Triangle.png""]","true","[[220,44],[7,82],[146,248]]","true",""
"visual-search-circle","176","2.2.0","589026","79210","visual_search_trial","7227","","f","","","","","","","","","","null","red_blue_mix","8","[""images/Red_Triangle.png"",""images/Blue_Triangle.png"",""images/Blue_Circle.png"",""images/Red_Circle.png"",""images/Red_Circle.png"",""images/Blue_Triangle.png""]","true","[[214,211],[245,90],[155,3],[35,38],[4,159],[94,246]]","true",""
"visual-search-circle","177","2.2.0","591464","79210","visual_search_trial","934","","j","","","","","","","","","","null","blue_triangle","8","[""images/Blue_Triangle.png"",""images/Blue_Triangle.png"",""images/Blue_Triangle.png"",""images/Blue_Triangle.png"",""images/Blue_Triangle.png"",""images/Blue_Triangle.png""]","true","[[6,163],[99,247],[217,208],[243,86],[150,2],[32,41]]","false",""
"visual-search-circle","178","2.2.0","594342","79210","visual_search_trial","1376","","j","","","","","","","","","","null","red_circle","8","[""images/Red_Circle.png"",""images/Red_Circle.png"",""images/Red_Circle.png"",""images/Red_Circle.png"",""images/Red_Circle.png"",""images/Red_Circle.png""]","true","[[235,183],[231,58],[120,0],[14,66],[18,191],[129,249]]","false",""
"visual-search-circle","179","2.2.0","600089","79210","visual_search_trial","4244","","j","","","","","","","","","","null","blue_triangle","8","[""images/Blue_Triangle.png"",""images/Blue_Triangle.png"",""images/Blue_Triangle.png"",""images/Blue_Triangle.png"",""images/Blue_Triangle.png"",""images/Blue_Triangle.png"",""images/Blue_Triangle.png"",""images/Blue_Triangle.png"",""images/Blue_Triangle.png""]","true","[[231,58],[163,6],[78,9],[14,66],[2,150],[48,223],[129,249],[208,217],[248,142]]","false",""
"visual-search-circle","180","2.2.0","602411","79210","visual_search_trial","818","","j","","","","","","","","","","null","red_blue_mix","8","[""images/Blue_Triangle.png"",""images/Red_Circle.png"",""images/Red_Circle.png"",""images/Red_Circle.png"",""images/Red_Circle.png"",""images/Blue_Triangle.png"",""images/Red_Circle.png"",""images/Red_Circle.png"",""images/Blue_Triangle.png""]","true","[[146,1],[62,16],[7,82],[7,167],[62,233],[146,248],[220,205],[250,125],[220,44]]","false",""
"visual-search-circle","181","2.2.0","604934","79210","visual_search_trial","1020","","f","","","","","","","","","","null","red_blue_mix","9","[""images/Red_Triangle.png"",""images/Red_Circle.png"",""images/Red_Circle.png""]","true","[[249,129],[66,14],[58,231]]","true",""
"visual-search-circle","182","2.2.0","607412","79210","visual_search_trial","974","","f","","","","","","","","","","null","red_circle","9","[""images/Red_Triangle.png"",""images/Red_Circle.png"",""images/Red_Circle.png"",""images/Red_Circle.png"",""images/Red_Circle.png"",""images/Red_Circle.png"",""images/Red_Circle.png"",""images/Red_Circle.png"",""images/Red_Circle.png""]","true","[[247,148],[234,64],[169,8],[84,6],[17,60],[1,144],[42,219],[122,249],[203,222]]","true",""
"visual-search-circle","183","2.2.0","609771","79210","visual_search_trial","853","","f","","","","","","","","","","null","red_blue_mix","9","[""images/Blue_Circle.png"",""images/Red_Circle.png"",""images/Blue_Circle.png""]","false","[[248,144],[80,8],[46,222]]","false",""
"visual-search-circle","184","2.2.0","612660","79210","visual_search_trial","1385","","f","","","","","","","","","","null","blue_triangle","9","[""images/Red_Triangle.png"",""images/Blue_Triangle.png"",""images/Blue_Triangle.png"",""images/Blue_Triangle.png"",""images/Blue_Triangle.png"",""images/Blue_Triangle.png"",""images/Blue_Triangle.png"",""images/Blue_Triangle.png"",""images/Blue_Triangle.png""]","true","[[90,4],[21,55],[0,138],[38,214],[116,249],[198,226],[246,155],[237,70],[175,10]]","true",""
"visual-search-circle","185","2.2.0","614754","79210","visual_search_trial","590","","f","","","","","","","","","","null","red_blue_mix","9","[""images/Red_Triangle.png"",""images/Blue_Circle.png"",""images/Blue_Circle.png"",""images/Red_Circle.png"",""images/Blue_Triangle.png"",""images/Red_Circle.png""]","true","[[11,72],[22,196],[135,249],[238,177],[227,53],[114,0]]","true",""
"visual-search-circle","186","2.2.0","616746","79210","visual_search_trial","489","","j","","","","","","","","","","null","red_circle","9","[""images/Red_Circle.png"",""images/Red_Circle.png"",""images/Red_Circle.png"",""images/Red_Circle.png"",""images/Red_Circle.png"",""images/Red_Circle.png"",""images/Red_Circle.png"",""images/Red_Circle.png"",""images/Red_Circle.png""]","true","[[49,25],[3,96],[13,181],[76,240],[161,244],[229,193],[249,109],[210,33],[131,0]]","false",""
"visual-search-circle","187","2.2.0","619223","79210","visual_search_trial","974","","j","","","","","","","","","","null","blue_triangle","9","[""images/Blue_Triangle.png"",""images/Blue_Triangle.png"",""images/Blue_Triangle.png"",""images/Blue_Triangle.png"",""images/Blue_Triangle.png"",""images/Blue_Triangle.png"",""images/Blue_Triangle.png"",""images/Blue_Triangle.png"",""images/Blue_Triangle.png""]","true","[[222,203],[249,122],[219,42],[144,1],[60,17],[6,84],[8,169],[64,234],[148,247]]","false",""
"visual-search-circle","188","2.2.0","621562","79210","visual_search_trial","834","","j","","","","","","","","","","null","red_circle","9","[""images/Red_Circle.png"",""images/Red_Circle.png"",""images/Red_Circle.png"",""images/Red_Circle.png"",""images/Red_Circle.png"",""images/Red_Circle.png""]","true","[[165,6],[42,30],[2,148],[84,243],[207,219],[247,101]]","false",""
"visual-search-circle","189","2.2.0","627260","79210","visual_search_trial","4195","","j","","","","","","","","","","null","blue_triangle","9","[""images/Blue_Triangle.png"",""images/Blue_Triangle.png"",""images/Blue_Triangle.png"",""images/Blue_Triangle.png"",""images/Blue_Triangle.png"",""images/Blue_Triangle.png""]","true","[[105,1],[8,80],[27,203],[144,248],[241,169],[222,46]]","false",""
"visual-search-circle","190","2.2.0","629531","79210","visual_search_trial","768","","f","","","","","","","","","","null","red_circle","9","[""images/Red_Triangle.png"",""images/Red_Circle.png"",""images/Red_Circle.png"",""images/Red_Circle.png"",""images/Red_Circle.png"",""images/Red_Circle.png""]","true","[[237,70],[133,0],[21,55],[12,179],[116,249],[228,194]]","true",""
"visual-search-circle","191","2.2.0","631938","79210","visual_search_trial","903","","j","","","","","","","","","","null","red_blue_mix","9","[""images/Red_Circle.png"",""images/Blue_Circle.png"",""images/Red_Circle.png"",""images/Blue_Triangle.png"",""images/Blue_Triangle.png"",""images/Blue_Triangle.png"",""images/Red_Circle.png"",""images/Blue_Triangle.png"",""images/Blue_Circle.png""]","true","[[239,74],[179,12],[94,3],[23,51],[0,133],[35,211],[111,249],[194,228],[245,159]]","false",""
"visual-search-circle","192","2.2.0","634082","79210","visual_search_trial","642","","f","","","","","","","","","","null","red_circle","9","[""images/Red_Triangle.png"",""images/Red_Circle.png"",""images/Red_Circle.png""]","true","[[181,236],[193,20],[0,118]]","true",""
"visual-search-circle","193","2.2.0","636090","79210","visual_search_trial","503","","f","","","","","","","","","","null","blue_triangle","9","[""images/Red_Triangle.png"",""images/Blue_Triangle.png"",""images/Blue_Triangle.png"",""images/Blue_Triangle.png"",""images/Blue_Triangle.png"",""images/Blue_Triangle.png""]","true","[[243,84],[148,2],[30,42],[6,165],[101,247],[219,207]]","true",""
"visual-search-circle","194","2.2.0","638437","79210","visual_search_trial","844","","f","","","","","","","","","","null","red_blue_mix","9","[""images/Red_Triangle.png"",""images/Blue_Triangle.png"",""images/Blue_Triangle.png"",""images/Red_Circle.png"",""images/Red_Circle.png"",""images/Blue_Triangle.png"",""images/Blue_Triangle.png"",""images/Red_Circle.png"",""images/Blue_Circle.png""]","true","[[125,250],[205,220],[248,146],[233,62],[167,7],[82,7],[16,62],[1,146],[44,220]]","true",""
"visual-search-circle","195","2.2.0","640547","79210","visual_search_trial","607","","j","","","","","","","","","","null","red_circle","9","[""images/Red_Circle.png"",""images/Red_Circle.png"",""images/Red_Circle.png""]","true","[[80,8],[46,222],[248,144]]","false",""
"visual-search-circle","196","2.2.0","642621","79210","visual_search_trial","572","","f","","","","","","","","","","null","blue_triangle","9","[""images/Red_Triangle.png"",""images/Blue_Triangle.png"",""images/Blue_Triangle.png""]","true","[[196,22],[0,114],[177,238]]","true",""
"visual-search-circle","197","2.2.0","644792","79210","visual_search_trial","668","","j","","","","","","","","","","null","red_blue_mix","9","[""images/Blue_Circle.png"",""images/Blue_Circle.png"",""images/Blue_Triangle.png"",""images/Blue_Circle.png"",""images/Blue_Circle.png"",""images/Blue_Triangle.png""]","true","[[44,220],[167,242],[248,146],[205,29],[82,7],[1,103]]","false",""
"visual-search-circle","198","2.2.0","647007","79210","visual_search_trial","712","","j","","","","","","","","","","null","blue_triangle","9","[""images/Blue_Triangle.png"",""images/Blue_Triangle.png"",""images/Blue_Triangle.png""]","true","[[231,58],[14,66],[129,249]]","false",""
"html-keyboard-response","199","2.1.0","651040","79210","break","4033","<p>Great job so far! Please rest for a few seconds before continuing.</p>
                 <p>Press the <strong>Y</strong> key on your keyboard to continue.</p>","y","","","","","","","","","","","","","","","","","Y"
"visual-search-circle","200","2.2.0","653299","79210","visual_search_trial","753","","j","","","","","","","","","","null","red_circle","10","[""images/Red_Circle.png"",""images/Red_Circle.png"",""images/Red_Circle.png"",""images/Red_Circle.png"",""images/Red_Circle.png"",""images/Red_Circle.png"",""images/Red_Circle.png"",""images/Red_Circle.png"",""images/Red_Circle.png""]","true","[[3,153],[49,224],[131,249],[210,216],[249,140],[229,56],[161,5],[76,9],[13,68]]","false",""
"visual-search-circle","201","2.2.0","655516","79210","visual_search_trial","711","","j","","","","","","","","","","null","blue_triangle","10","[""images/Blue_Triangle.png"",""images/Blue_Triangle.png"",""images/Blue_Triangle.png"",""images/Blue_Triangle.png"",""images/Blue_Triangle.png"",""images/Blue_Triangle.png"",""images/Blue_Triangle.png"",""images/Blue_Triangle.png"",""images/Blue_Triangle.png""]","true","[[17,189],[84,243],[169,241],[234,185],[247,101],[203,27],[122,0],[42,30],[1,105]]","false",""
"visual-search-circle","202","2.2.0","657809","79210","visual_search_trial","789","","f","","","","","","","","","","null","red_blue_mix","10","[""images/Red_Triangle.png"",""images/Blue_Triangle.png"",""images/Blue_Circle.png""]","true","[[17,60],[122,249],[234,64]]","true",""
"visual-search-circle","203","2.2.0","659838","79210","visual_search_trial","523","","f","","","","","","","","","","null","red_circle","10","[""images/Red_Triangle.png"",""images/Red_Circle.png"",""images/Red_Circle.png"",""images/Red_Circle.png"",""images/Red_Circle.png"",""images/Red_Circle.png""]","true","[[105,1],[8,80],[27,203],[144,248],[241,169],[222,46]]","true",""
"visual-search-circle","204","2.2.0","662514","79210","visual_search_trial","1172","","f","","","","","","","","","","null","blue_triangle","10","[""images/Red_Triangle.png"",""images/Blue_Triangle.png"",""images/Blue_Triangle.png"",""images/Blue_Triangle.png"",""images/Blue_Triangle.png"",""images/Blue_Triangle.png"",""images/Blue_Triangle.png"",""images/Blue_Triangle.png"",""images/Blue_Triangle.png""]","true","[[159,4],[74,10],[12,70],[3,155],[51,226],[133,249],[211,214],[249,138],[228,55]]","true",""
"visual-search-circle","205","2.2.0","665311","79210","visual_search_trial","1291","","f","","","","","","","","","","null","red_blue_mix","10","[""images/Red_Triangle.png"",""images/Red_Circle.png"",""images/Red_Circle.png"",""images/Red_Circle.png"",""images/Blue_Circle.png"",""images/Blue_Circle.png"",""images/Red_Circle.png"",""images/Red_Circle.png"",""images/Blue_Circle.png""]","true","[[241,80],[185,15],[101,2],[27,46],[0,127],[30,207],[105,248],[189,232],[243,165]]","true",""
"visual-search-circle","206","2.2.0","667556","79210","visual_search_trial","743","","j","","","","","","","","","","null","red_circle","10","[""images/Red_Circle.png"",""images/Red_Circle.png"",""images/Red_Circle.png""]","true","[[111,249],[239,74],[23,51]]","false",""
"visual-search-circle","207","2.2.0","709777","79210","visual_search_trial","40718","","j","","","","","","","","","","null","blue_triangle","10","[""images/Blue_Triangle.png"",""images/Blue_Triangle.png"",""images/Blue_Triangle.png"",""images/Blue_Triangle.png"",""images/Blue_Triangle.png"",""images/Blue_Triangle.png""]","true","[[41,32],[2,150],[86,243],[208,217],[247,99],[163,6]]","false",""
"visual-search-circle","208","2.2.0","713109","79210","visual_search_trial","1828","","j","","","","","","","","","","null","red_blue_mix","10","[""images/Red_Circle.png"",""images/Blue_Triangle.png"",""images/Blue_Circle.png""]","true","[[55,21],[70,237],[249,116]]","false",""
"visual-search-circle","209","2.2.0","715169","79210","visual_search_trial","556","","f","","","","","","","","","","null","red_circle","10","[""images/Red_Triangle.png"",""images/Red_Circle.png"",""images/Red_Circle.png""]","true","[[60,232],[249,127],[64,15]]","true",""
"visual-search-circle","210","2.2.0","717682","79210","visual_search_trial","1009","","j","","","","","","","","","","null","blue_triangle","10","[""images/Blue_Triangle.png"",""images/Blue_Triangle.png"",""images/Blue_Triangle.png""]","true","[[80,241],[248,105],[46,27]]","false",""
"visual-search-circle","211","2.2.0","721169","79210","visual_search_trial","1981","","f","","","","","","","","","","null","red_circle","10","[""images/Red_Triangle.png"",""images/Red_Circle.png"",""images/Red_Circle.png"",""images/Red_Circle.png"",""images/Red_Circle.png"",""images/Red_Circle.png"",""images/Red_Circle.png"",""images/Red_Circle.png"",""images/Red_Circle.png""]","true","[[249,114],[213,36],[135,0],[53,22],[4,92],[11,177],[72,238],[157,245],[227,196]]","true",""
"visual-search-circle","212","2.2.0","723652","79210","visual_search_trial","979","","j","","","","","","","","","","null","red_blue_mix","10","[""images/Blue_Circle.png"",""images/Red_Circle.png"",""images/Blue_Circle.png"",""images/Blue_Triangle.png"",""images/Blue_Circle.png"",""images/Blue_Circle.png""]","true","[[211,214],[246,94],[159,4],[38,35],[3,155],[90,245]]","false",""
"visual-search-circle","213","2.2.0","725609","79210","visual_search_trial","453","","f","","","","","","","","","","null","blue_triangle","10","[""images/Red_Triangle.png"",""images/Blue_Triangle.png"",""images/Blue_Triangle.png""]","true","[[21,55],[116,249],[237,70]]","true",""
"visual-search-circle","214","2.2.0","727705","79210","visual_search_trial","590","","f","","","","","","","","","","null","red_blue_mix","10","[""images/Red_Triangle.png"",""images/Blue_Triangle.png"",""images/Blue_Triangle.png"",""images/Blue_Triangle.png"",""images/Blue_Triangle.png"",""images/Blue_Circle.png""]","true","[[238,72],[135,0],[22,53],[11,177],[114,249],[227,196]]","true",""
"visual-search-circle","215","2.2.0","731947","79210","visual_search_trial","2737","","f","","","","","","","","","","null","blue_triangle","10","[""images/Red_Triangle.png"",""images/Blue_Triangle.png"",""images/Blue_Triangle.png"",""images/Blue_Triangle.png"",""images/Blue_Triangle.png"",""images/Blue_Triangle.png""]","true","[[11,72],[22,196],[135,249],[238,177],[227,53],[114,0]]","true",""
"visual-search-circle","216","2.2.0","734529","79210","visual_search_trial","1076","","j","","","","","","","","","","null","red_blue_mix","10","[""images/Blue_Triangle.png"",""images/Blue_Circle.png"",""images/Blue_Circle.png"",""images/Red_Circle.png"",""images/Red_Circle.png"",""images/Red_Circle.png"",""images/Red_Circle.png"",""images/Blue_Circle.png"",""images/Blue_Circle.png""]","true","[[227,196],[249,114],[213,36],[135,0],[53,22],[4,92],[11,177],[72,238],[157,245]]","false",""
"visual-search-circle","217","2.2.0","736696","79210","visual_search_trial","663","","j","","","","","","","","","","null","red_circle","10","[""images/Red_Circle.png"",""images/Red_Circle.png"",""images/Red_Circle.png"",""images/Red_Circle.png"",""images/Red_Circle.png"",""images/Red_Circle.png""]","true","[[90,245],[211,214],[246,94],[159,4],[38,35],[3,155]]","false",""
"visual-search-circle","218","2.2.0","740781","79210","visual_search_trial","2579","","f","","","","","","","","","","null","red_blue_mix","11","[""images/Red_Triangle.png"",""images/Blue_Triangle.png"",""images/Blue_Circle.png"",""images/Blue_Triangle.png"",""images/Blue_Circle.png"",""images/Blue_Triangle.png"",""images/Blue_Circle.png"",""images/Blue_Circle.png"",""images/Blue_Circle.png""]","true","[[177,238],[238,177],[245,92],[196,22],[114,0],[36,36],[0,114],[22,196],[92,245]]","true",""
"visual-search-circle","219","2.2.0","745429","79210","visual_search_trial","3141","","j","","","","","","","","","","null","blue_triangle","11","[""images/Blue_Triangle.png"",""images/Blue_Triangle.png"",""images/Blue_Triangle.png"",""images/Blue_Triangle.png"",""images/Blue_Triangle.png"",""images/Blue_Triangle.png"",""images/Blue_Triangle.png"",""images/Blue_Triangle.png"",""images/Blue_Triangle.png""]","true","[[41,217],[120,249],[201,223],[247,150],[235,66],[171,9],[86,6],[18,58],[1,142]]","false",""
"visual-search-circle","220","2.2.0","749408","79210","visual_search_trial","2475","","j","","","","","","","","","","null","red_circle","11","[""images/Red_Circle.png"",""images/Red_Circle.png"",""images/Red_Circle.png""]","true","[[210,33],[3,96],[161,244]]","false",""
"visual-search-circle","221","2.2.0","751745","79210","visual_search_trial","834","","j","","","","","","","","","","null","red_blue_mix","11","[""images/Blue_Circle.png"",""images/Red_Circle.png"",""images/Blue_Circle.png"",""images/Red_Circle.png"",""images/Blue_Triangle.png"",""images/Red_Circle.png""]","true","[[22,53],[11,177],[114,249],[227,196],[238,72],[135,0]]","false",""
"visual-search-circle","222","2.2.0","755578","79210","visual_search_trial","2327","","f","","","","","","","","","","null","red_circle","11","[""images/Red_Triangle.png"",""images/Red_Circle.png"",""images/Red_Circle.png"",""images/Red_Circle.png"",""images/Red_Circle.png"",""images/Red_Circle.png"",""images/Red_Circle.png"",""images/Red_Circle.png"",""images/Red_Circle.png""]","true","[[210,33],[131,0],[49,25],[3,96],[13,181],[76,240],[161,244],[229,193],[249,109]]","true",""
"visual-search-circle","223","2.2.0","760612","79210","visual_search_trial","3531","","f","","","","","","","","","","null","red_blue_mix","11","[""images/Red_Triangle.png"",""images/Blue_Circle.png"",""images/Blue_Triangle.png"",""images/Blue_Triangle.png"",""images/Blue_Circle.png"",""images/Blue_Circle.png""]","true","[[238,72],[135,0],[22,53],[11,177],[114,249],[227,196]]","true",""
"visual-search-circle","224","2.2.0","764697","79210","visual_search_trial","2581","","j","","","","","","","","","","null","blue_triangle","11","[""images/Blue_Triangle.png"",""images/Blue_Triangle.png"",""images/Blue_Triangle.png""]","true","[[78,240],[248,107],[48,26]]","false",""
"visual-search-circle","225","2.2.0","768385","79210","visual_search_trial","2185","","j","","","","","","","","","","null","red_circle","11","[""images/Red_Circle.png"",""images/Red_Circle.png"",""images/Red_Circle.png"",""images/Red_Circle.png"",""images/Red_Circle.png"",""images/Red_Circle.png"",""images/Red_Circle.png"",""images/Red_Circle.png"",""images/Red_Circle.png""]","true","[[191,231],[243,163],[240,78],[183,14],[99,2],[26,48],[0,129],[32,208],[107,248]]","false",""
"visual-search-circle","226","2.2.0","771016","79210","visual_search_trial","1126","","f","","","","","","","","","","null","blue_triangle","11","[""images/Red_Triangle.png"",""images/Blue_Triangle.png"",""images/Blue_Triangle.png"",""images/Blue_Triangle.png"",""images/Blue_Triangle.png"",""images/Blue_Triangle.png""]","true","[[249,135],[196,22],[72,11],[0,114],[53,227],[177,238]]","true",""
"visual-search-circle","227","2.2.0","773079","79210","visual_search_trial","558","","j","","","","","","","","","","null","red_circle","11","[""images/Red_Circle.png"",""images/Red_Circle.png"",""images/Red_Circle.png"",""images/Red_Circle.png"",""images/Red_Circle.png"",""images/Red_Circle.png""]","true","[[27,203],[144,248],[241,169],[222,46],[105,1],[8,80]]","false",""
"visual-search-circle","228","2.2.0","776868","79210","visual_search_trial","2284","","f","","","","","","","","","","null","red_blue_mix","11","[""images/Red_Triangle.png"",""images/Blue_Circle.png"",""images/Red_Circle.png""]","true","[[111,249],[239,74],[23,51]]","true",""
"visual-search-circle","229","2.2.0","781113","79210","visual_search_trial","2738","","j","","","","","","","","","","null","blue_triangle","11","[""images/Blue_Triangle.png"",""images/Blue_Triangle.png"",""images/Blue_Triangle.png"",""images/Blue_Triangle.png"",""images/Blue_Triangle.png"",""images/Blue_Triangle.png""]","true","[[1,146],[82,242],[205,220],[248,103],[167,7],[44,29]]","false",""
"visual-search-circle","230","2.2.0","785769","79210","visual_search_trial","3154","","f","","","","","","","","","","null","red_circle","11","[""images/Red_Triangle.png"",""images/Red_Circle.png"",""images/Red_Circle.png""]","true","[[231,191],[129,0],[14,183]]","true",""
"visual-search-circle","231","2.2.0","795091","79210","visual_search_trial","7816","","j","","","","","","","","","","null","red_blue_mix","11","[""images/Blue_Circle.png"",""images/Blue_Circle.png"",""images/Blue_Triangle.png"",""images/Blue_Circle.png"",""images/Blue_Triangle.png"",""images/Red_Circle.png"",""images/Red_Circle.png"",""images/Blue_Triangle.png"",""images/Blue_Circle.png""]","true","[[208,217],[248,142],[231,58],[163,6],[78,9],[14,66],[2,150],[48,223],[129,249]]","false",""
"visual-search-circle","232","2.2.0","797177","79210","visual_search_trial","580","","f","","","","","","","","","","null","blue_triangle","11","[""images/Red_Triangle.png"",""images/Blue_Triangle.png"",""images/Blue_Triangle.png""]","true","[[224,200],[140,0],[9,173]]","true",""
"visual-search-circle","233","2.2.0","801857","79210","visual_search_trial","3173","","j","","","","","","","","","","null","red_blue_mix","11","[""images/Blue_Triangle.png"",""images/Red_Circle.png"",""images/Red_Circle.png""]","true","[[227,53],[11,72],[135,249]]","false",""
"visual-search-circle","234","2.2.0","805119","79210","visual_search_trial","1754","","f","","","","","","","","","","null","red_circle","11","[""images/Red_Triangle.png"",""images/Red_Circle.png"",""images/Red_Circle.png"",""images/Red_Circle.png"",""images/Red_Circle.png"",""images/Red_Circle.png""]","true","[[116,0],[12,70],[21,194],[133,249],[237,179],[228,55]]","true",""
"visual-search-circle","235","2.2.0","808499","79210","visual_search_trial","1872","","f","","","","","","","","","","null","blue_triangle","11","[""images/Red_Triangle.png"",""images/Blue_Triangle.png"",""images/Blue_Triangle.png"",""images/Blue_Triangle.png"",""images/Blue_Triangle.png"",""images/Blue_Triangle.png"",""images/Blue_Triangle.png"",""images/Blue_Triangle.png"",""images/Blue_Triangle.png""]","true","[[84,243],[169,241],[234,185],[247,101],[203,27],[122,0],[42,30],[1,105],[17,189]]","true",""
"html-keyboard-response","236","2.1.0","812590","79210","break","4091","<p>Great job so far! Please rest for a few seconds before continuing.</p>
                 <p>Press the <strong>W</strong> key on your keyboard to continue.</p>","w","","","","","","","","","","","","","","","","","W"
"visual-search-circle","237","2.2.0","833941","79210","visual_search_trial","19845","","f","","","","","","","","","","null","blue_triangle","12","[""images/Red_Triangle.png"",""images/Blue_Triangle.png"",""images/Blue_Triangle.png""]","true","[[222,203],[144,1],[8,169]]","true",""
"visual-search-circle","238","2.2.0","836024","79210","visual_search_trial","576","","j","","","","","","","","","","null","red_circle","12","[""images/Red_Circle.png"",""images/Red_Circle.png"",""images/Red_Circle.png"",""images/Red_Circle.png"",""images/Red_Circle.png"",""images/Red_Circle.png"",""images/Red_Circle.png"",""images/Red_Circle.png"",""images/Red_Circle.png""]","true","[[135,249],[213,213],[249,135],[227,53],[157,4],[72,11],[11,72],[4,157],[53,227]]","false",""
"visual-search-circle","239","2.2.0","838139","79210","visual_search_trial","612","","j","","","","","","","","","","null","blue_triangle","12","[""images/Blue_Triangle.png"",""images/Blue_Triangle.png"",""images/Blue_Triangle.png""]","true","[[21,194],[237,179],[116,0]]","false",""
"visual-search-circle","240","2.2.0","841208","79210","visual_search_trial","1563","","j","","","","","","","","","","null","red_blue_mix","12","[""images/Blue_Circle.png"",""images/Red_Circle.png"",""images/Blue_Circle.png"",""images/Blue_Circle.png"",""images/Red_Circle.png"",""images/Blue_Triangle.png"",""images/Blue_Triangle.png"",""images/Blue_Circle.png"",""images/Blue_Circle.png""]","true","[[235,183],[247,99],[201,26],[120,0],[41,32],[1,107],[18,191],[86,243],[171,240]]","false",""
"visual-search-circle","241","2.2.0","843513","79210","visual_search_trial","799","","f","","","","","","","","","","null","blue_triangle","12","[""images/Red_Triangle.png"",""images/Blue_Triangle.png"",""images/Blue_Triangle.png"",""images/Blue_Triangle.png"",""images/Blue_Triangle.png"",""images/Blue_Triangle.png""]","true","[[18,58],[14,183],[120,249],[231,191],[235,66],[129,0]]","true",""
"visual-search-circle","242","2.2.0","846631","79210","visual_search_trial","1615","","j","","","","","","","","","","null","red_blue_mix","12","[""images/Red_Circle.png"",""images/Red_Circle.png"",""images/Blue_Circle.png""]","true","[[220,44],[7,82],[146,248]]","false",""
"visual-search-circle","243","2.2.0","848872","79210","visual_search_trial","734","","j","","","","","","","","","","null","blue_triangle","12","[""images/Blue_Triangle.png"",""images/Blue_Triangle.png"",""images/Blue_Triangle.png"",""images/Blue_Triangle.png"",""images/Blue_Triangle.png"",""images/Blue_Triangle.png""]","true","[[240,173],[224,49],[109,0],[9,76],[25,200],[140,249]]","false",""
"visual-search-circle","244","2.2.0","851927","79210","visual_search_trial","1549","","j","","","","","","","","","","null","red_circle","12","[""images/Red_Circle.png"",""images/Red_Circle.png"",""images/Red_Circle.png""]","true","[[238,72],[22,53],[114,249]]","false",""
"visual-search-circle","245","2.2.0","856018","79210","visual_search_trial","2583","","j","","","","","","","","","","null","blue_triangle","12","[""images/Blue_Triangle.png"",""images/Blue_Triangle.png"",""images/Blue_Triangle.png"",""images/Blue_Triangle.png"",""images/Blue_Triangle.png"",""images/Blue_Triangle.png"",""images/Blue_Triangle.png"",""images/Blue_Triangle.png"",""images/Blue_Triangle.png""]","true","[[92,245],[177,238],[238,177],[245,92],[196,22],[114,0],[36,36],[0,114],[22,196]]","false",""
"visual-search-circle","246","2.2.0","858200","79210","visual_search_trial","676","","f","","","","","","","","","","null","red_blue_mix","12","[""images/Red_Triangle.png"",""images/Blue_Triangle.png"",""images/Red_Circle.png""]","true","[[105,1],[27,203],[241,169]]","true",""
"visual-search-circle","247","2.2.0","861704","79210","visual_search_trial","1997","","f","","","","","","","","","","null","blue_triangle","12","[""images/Red_Triangle.png"",""images/Blue_Triangle.png"",""images/Blue_Triangle.png"",""images/Blue_Triangle.png"",""images/Blue_Triangle.png"",""images/Blue_Triangle.png"",""images/Blue_Triangle.png"",""images/Blue_Triangle.png"",""images/Blue_Triangle.png""]","true","[[107,248],[191,231],[243,163],[240,78],[183,14],[99,2],[26,48],[0,129],[32,208]]","true",""
"visual-search-circle","248","2.2.0","865768","79210","visual_search_trial","2560","","j","","","","","","","","","","null","red_circle","12","[""images/Red_Circle.png"",""images/Red_Circle.png"",""images/Red_Circle.png"",""images/Red_Circle.png"",""images/Red_Circle.png"",""images/Red_Circle.png""]","true","[[11,72],[22,196],[135,249],[238,177],[227,53],[114,0]]","false",""
"visual-search-circle","249","2.2.0","868210","79210","visual_search_trial","935","","f","","","","","","","","","","null","red_blue_mix","12","[""images/Red_Triangle.png"",""images/Blue_Triangle.png"",""images/Red_Circle.png"",""images/Blue_Circle.png"",""images/Red_Circle.png"",""images/Blue_Triangle.png"",""images/Blue_Circle.png"",""images/Blue_Circle.png"",""images/Blue_Triangle.png""]","true","[[171,240],[235,183],[247,99],[201,26],[120,0],[41,32],[1,107],[18,191],[86,243]]","true",""
"visual-search-circle","250","2.2.0","870422","79210","visual_search_trial","705","","f","","","","","","","","","","null","red_circle","12","[""images/Red_Triangle.png"",""images/Red_Circle.png"",""images/Red_Circle.png"",""images/Red_Circle.png"",""images/Red_Circle.png"",""images/Red_Circle.png"",""images/Red_Circle.png"",""images/Red_Circle.png"",""images/Red_Circle.png""]","true","[[179,237],[239,175],[245,90],[194,21],[111,0],[35,38],[0,116],[23,198],[94,246]]","true",""
"visual-search-circle","251","2.2.0","872767","79210","visual_search_trial","840","","f","","","","","","","","","","null","red_blue_mix","12","[""images/Red_Triangle.png"",""images/Red_Circle.png"",""images/Blue_Circle.png"",""images/Red_Circle.png"",""images/Blue_Circle.png"",""images/Blue_Circle.png""]","true","[[229,56],[118,0],[13,68],[20,193],[131,249],[236,181]]","true",""
"visual-search-circle","252","2.2.0","874879","79210","visual_search_trial","609","","f","","","","","","","","","","null","red_circle","12","[""images/Red_Triangle.png"",""images/Red_Circle.png"",""images/Red_Circle.png"",""images/Red_Circle.png"",""images/Red_Circle.png"",""images/Red_Circle.png""]","true","[[88,5],[3,96],[39,216],[161,244],[246,153],[210,33]]","true",""
"visual-search-circle","253","2.2.0","877005","79210","visual_search_trial","620","","j","","","","","","","","","","null","red_blue_mix","12","[""images/Red_Circle.png"",""images/Red_Circle.png"",""images/Blue_Triangle.png"",""images/Red_Circle.png"",""images/Blue_Circle.png"",""images/Red_Circle.png""]","true","[[240,76],[140,0],[25,49],[9,173],[109,249],[224,200]]","false",""
"visual-search-circle","254","2.2.0","880377","79210","visual_search_trial","1868","","f","","","","","","","","","","null","red_circle","12","[""images/Red_Triangle.png"",""images/Red_Circle.png"",""images/Red_Circle.png""]","true","[[27,203],[241,169],[105,1]]","true",""
"visual-search-circle","255","2.2.0","882674","79210","visual_search_trial","792","","f","","","","","","","","","","null","red_blue_mix","13","[""images/Red_Triangle.png"",""images/Red_Circle.png"",""images/Red_Circle.png"",""images/Blue_Triangle.png"",""images/Red_Circle.png"",""images/Blue_Triangle.png"",""images/Blue_Triangle.png"",""images/Blue_Triangle.png"",""images/Red_Circle.png""]","true","[[0,131],[33,210],[109,249],[193,229],[244,161],[240,76],[181,13],[96,3],[25,49]]","true",""
"visual-search-circle","256","2.2.0","885886","79210","visual_search_trial","1705","","j","","","","","","","","","","null","red_circle","13","[""images/Red_Circle.png"",""images/Red_Circle.png"",""images/Red_Circle.png"",""images/Red_Circle.png"",""images/Red_Circle.png"",""images/Red_Circle.png"",""images/Red_Circle.png"",""images/Red_Circle.png"",""images/Red_Circle.png""]","true","[[15,185],[80,241],[165,243],[232,189],[248,105],[207,30],[127,0],[46,27],[2,101]]","false",""
"visual-search-circle","257","2.2.0","887933","79210","visual_search_trial","540","","j","","","","","","","","","","null","red_blue_mix","13","[""images/Red_Circle.png"",""images/Red_Circle.png"",""images/Red_Circle.png""]","true","[[175,239],[198,23],[0,111]]","false",""
"visual-search-circle","258","2.2.0","890016","79210","visual_search_trial","578","","j","","","","","","","","","","null","red_circle","13","[""images/Red_Circle.png"",""images/Red_Circle.png"",""images/Red_Circle.png""]","true","[[103,1],[29,205],[242,167]]","false",""
"visual-search-circle","259","2.2.0","893689","79210","visual_search_trial","2169","","f","","","","","","","","","","null","blue_triangle","13","[""images/Red_Triangle.png"",""images/Blue_Triangle.png"",""images/Blue_Triangle.png""]","true","[[72,238],[249,114],[53,22]]","true",""
"visual-search-circle","260","2.2.0","896363","79210","visual_search_trial","1168","","f","","","","","","","","","","null","red_circle","13","[""images/Red_Triangle.png"",""images/Red_Circle.png"",""images/Red_Circle.png"",""images/Red_Circle.png"",""images/Red_Circle.png"",""images/Red_Circle.png"",""images/Red_Circle.png"",""images/Red_Circle.png"",""images/Red_Circle.png""]","true","[[243,86],[191,18],[107,1],[32,41],[0,120],[26,201],[99,247],[183,235],[240,171]]","true",""
"visual-search-circle","261","2.2.0","900004","79210","visual_search_trial","2134","","j","","","","","","","","","","null","red_blue_mix","13","[""images/Blue_Triangle.png"",""images/Red_Circle.png"",""images/Red_Circle.png"",""images/Blue_Triangle.png"",""images/Blue_Circle.png"",""images/Blue_Triangle.png"",""images/Red_Circle.png"",""images/Blue_Triangle.png"",""images/Red_Circle.png""]","true","[[127,0],[46,27],[2,101],[15,185],[80,241],[165,243],[232,189],[248,105],[207,30]]","false",""
"visual-search-circle","262","2.2.0","902094","79210","visual_search_trial","587","","j","","","","","","","","","","null","blue_triangle","13","[""images/Blue_Triangle.png"",""images/Blue_Triangle.png"",""images/Blue_Triangle.png""]","true","[[32,41],[99,247],[243,86]]","false",""
"visual-search-circle","263","2.2.0","904737","79210","visual_search_trial","1138","","j","","","","","","","","","","null","red_circle","13","[""images/Red_Circle.png"",""images/Red_Circle.png"",""images/Red_Circle.png"",""images/Red_Circle.png"",""images/Red_Circle.png"",""images/Red_Circle.png""]","true","[[46,222],[169,241],[248,144],[203,27],[80,8],[1,105]]","false",""
"visual-search-circle","264","2.2.0","907229","79210","visual_search_trial","986","","f","","","","","","","","","","null","blue_triangle","13","[""images/Red_Triangle.png"",""images/Blue_Triangle.png"",""images/Blue_Triangle.png"",""images/Blue_Triangle.png"",""images/Blue_Triangle.png"",""images/Blue_Triangle.png"",""images/Blue_Triangle.png"",""images/Blue_Triangle.png"",""images/Blue_Triangle.png""]","true","[[36,213],[114,249],[196,227],[245,157],[238,72],[177,11],[92,4],[22,53],[0,135]]","true",""
"visual-search-circle","265","2.2.0","910509","79210","visual_search_trial","1775","","j","","","","","","","","","","null","red_blue_mix","13","[""images/Red_Circle.png"",""images/Blue_Triangle.png"",""images/Red_Circle.png"",""images/Blue_Circle.png"",""images/Red_Circle.png"",""images/Blue_Triangle.png""]","true","[[169,241],[248,144],[203,27],[80,8],[1,105],[46,222]]","false",""
"visual-search-circle","266","2.2.0","912638","79210","visual_search_trial","623","","j","","","","","","","","","","null","blue_triangle","13","[""images/Blue_Triangle.png"",""images/Blue_Triangle.png"",""images/Blue_Triangle.png"",""images/Blue_Triangle.png"",""images/Blue_Triangle.png"",""images/Blue_Triangle.png"",""images/Blue_Triangle.png"",""images/Blue_Triangle.png"",""images/Blue_Triangle.png""]","true","[[173,240],[236,181],[246,96],[200,25],[118,0],[39,33],[0,109],[20,193],[88,244]]","false",""
"visual-search-circle","267","2.2.0","915115","79210","visual_search_trial","971","","f","","","","","","","","","","null","red_circle","13","[""images/Red_Triangle.png"",""images/Red_Circle.png"",""images/Red_Circle.png""]","true","[[22,196],[238,177],[114,0]]","true",""
"visual-search-circle","268","2.2.0","918301","79210","visual_search_trial","1683","","f","","","","","","","","","","null","blue_triangle","13","[""images/Red_Triangle.png"",""images/Blue_Triangle.png"",""images/Blue_Triangle.png"",""images/Blue_Triangle.png"",""images/Blue_Triangle.png"",""images/Blue_Triangle.png""]","true","[[118,249],[229,193],[236,68],[131,0],[20,56],[13,181]]","true",""
"visual-search-circle","269","2.2.0","921701","79210","visual_search_trial","1895","","f","","","","","","","","","","null","red_blue_mix","13","[""images/Red_Triangle.png"",""images/Blue_Circle.png"",""images/Red_Circle.png"",""images/Blue_Triangle.png"",""images/Red_Circle.png"",""images/Blue_Circle.png""]","true","[[127,0],[17,60],[15,185],[122,249],[232,189],[234,64]]","true",""
"visual-search-circle","270","2.2.0","925073","79210","visual_search_trial","1869","","f","","","","","","","","","","null","red_circle","13","[""images/Red_Triangle.png"",""images/Red_Circle.png"",""images/Red_Circle.png"",""images/Red_Circle.png"",""images/Red_Circle.png"",""images/Red_Circle.png""]","true","[[107,248],[223,201],[240,78],[142,1],[26,48],[9,171]]","true",""
"visual-search-circle","271","2.2.0","927566","79210","visual_search_trial","985","","j","","","","","","","","","","null","blue_triangle","13","[""images/Blue_Triangle.png"",""images/Blue_Triangle.png"",""images/Blue_Triangle.png"",""images/Blue_Triangle.png"",""images/Blue_Triangle.png"",""images/Blue_Triangle.png""]","true","[[249,138],[198,23],[74,10],[0,111],[51,226],[175,239]]","false",""
"visual-search-circle","272","2.2.0","929589","79210","visual_search_trial","520","","f","","","","","","","","","","null","red_blue_mix","13","[""images/Red_Triangle.png"",""images/Blue_Circle.png"",""images/Blue_Circle.png""]","true","[[4,92],[157,245],[213,36]]","true",""
"html-keyboard-response","273","2.1.0","939662","79210","break","10072","<p>Great job so far! Please rest for a few seconds before continuing.</p>
                 <p>Press the <strong>S</strong> key on your keyboard to continue.</p>","s","","","","","","","","","","","","","","","","","S"
"visual-search-circle","274","2.2.0","943291","79210","visual_search_trial","2124","","j","","","","","","","","","","null","red_blue_mix","14","[""images/Blue_Triangle.png"",""images/Red_Circle.png"",""images/Red_Circle.png"",""images/Blue_Circle.png"",""images/Blue_Triangle.png"",""images/Blue_Circle.png""]","true","[[161,244],[246,153],[210,33],[88,5],[3,96],[39,216]]","false",""
"visual-search-circle","275","2.2.0","947843","79210","visual_search_trial","3045","","j","","","","","","","","","","null","blue_triangle","14","[""images/Blue_Triangle.png"",""images/Blue_Triangle.png"",""images/Blue_Triangle.png"",""images/Blue_Triangle.png"",""images/Blue_Triangle.png"",""images/Blue_Triangle.png"",""images/Blue_Triangle.png"",""images/Blue_Triangle.png"",""images/Blue_Triangle.png""]","true","[[118,0],[39,33],[0,109],[20,193],[88,244],[173,240],[236,181],[246,96],[200,25]]","false",""
"visual-search-circle","276","2.2.0","951028","79210","visual_search_trial","1683","","j","","","","","","","","","","null","red_circle","14","[""images/Red_Circle.png"",""images/Red_Circle.png"",""images/Red_Circle.png""]","true","[[146,248],[220,44],[7,82]]","false",""
"visual-search-circle","277","2.2.0","955622","79210","visual_search_trial","3088","","j","","","","","","","","","","null","blue_triangle","14","[""images/Blue_Triangle.png"",""images/Blue_Triangle.png"",""images/Blue_Triangle.png"",""images/Blue_Triangle.png"",""images/Blue_Triangle.png"",""images/Blue_Triangle.png""]","true","[[0,127],[64,234],[189,232],[249,122],[185,15],[60,17]]","false",""
"visual-search-circle","278","2.2.0","958258","79210","visual_search_trial","1130","","j","","","","","","","","","","null","red_blue_mix","14","[""images/Blue_Triangle.png"",""images/Blue_Triangle.png"",""images/Blue_Triangle.png"",""images/Red_Circle.png"",""images/Blue_Circle.png"",""images/Blue_Triangle.png"",""images/Blue_Triangle.png"",""images/Red_Circle.png"",""images/Red_Circle.png""]","true","[[246,94],[198,23],[116,0],[38,35],[0,111],[21,194],[90,245],[175,239],[237,179]]","false",""
"visual-search-circle","279","2.2.0","960345","79210","visual_search_trial","583","","j","","","","","","","","","","null","blue_triangle","14","[""images/Blue_Triangle.png"",""images/Blue_Triangle.png"",""images/Blue_Triangle.png""]","true","[[3,96],[161,244],[210,33]]","false",""
"visual-search-circle","280","2.2.0","964098","79210","visual_search_trial","2249","","f","","","","","","","","","","null","red_blue_mix","14","[""images/Red_Triangle.png"",""images/Red_Circle.png"",""images/Blue_Triangle.png""]","true","[[9,171],[223,201],[142,1]]","true",""
"visual-search-circle","281","2.2.0","966332","79210","visual_search_trial","726","","f","","","","","","","","","","null","red_circle","14","[""images/Red_Triangle.png"",""images/Red_Circle.png"",""images/Red_Circle.png"",""images/Red_Circle.png"",""images/Red_Circle.png"",""images/Red_Circle.png"",""images/Red_Circle.png"",""images/Red_Circle.png"",""images/Red_Circle.png""]","true","[[125,250],[205,220],[248,146],[233,62],[167,7],[82,7],[16,62],[1,146],[44,220]]","true",""
"visual-search-circle","282","2.2.0","968430","79210","visual_search_trial","595","","f","","","","","","","","","","null","blue_triangle","14","[""images/Red_Triangle.png"",""images/Blue_Triangle.png"",""images/Blue_Triangle.png""]","true","[[17,60],[122,249],[234,64]]","true",""
"visual-search-circle","283","2.2.0","970944","79210","visual_search_trial","1009","","f","","","","","","","","","","null","red_circle","14","[""images/Red_Triangle.png"",""images/Red_Circle.png"",""images/Red_Circle.png""]","true","[[114,0],[22,196],[238,177]]","true",""
"visual-search-circle","284","2.2.0","973675","79210","visual_search_trial","1225","","f","","","","","","","","","","null","red_blue_mix","14","[""images/Red_Triangle.png"",""images/Blue_Triangle.png"",""images/Blue_Triangle.png"",""images/Blue_Circle.png"",""images/Blue_Circle.png"",""images/Red_Circle.png"",""images/Red_Circle.png"",""images/Blue_Circle.png"",""images/Blue_Triangle.png""]","true","[[56,20],[5,88],[9,173],[68,236],[153,246],[224,200],[249,118],[216,39],[140,0]]","true",""
"visual-search-circle","285","2.2.0","976408","79210","visual_search_trial","1229","","f","","","","","","","","","","null","red_circle","14","[""images/Red_Triangle.png"",""images/Red_Circle.png"",""images/Red_Circle.png"",""images/Red_Circle.png"",""images/Red_Circle.png"",""images/Red_Circle.png""]","true","[[82,242],[205,220],[248,103],[167,7],[44,29],[1,146]]","true",""
"visual-search-circle","286","2.2.0","979106","79210","visual_search_trial","1192","","f","","","","","","","","","","null","blue_triangle","14","[""images/Red_Triangle.png"",""images/Blue_Triangle.png"",""images/Blue_Triangle.png"",""images/Blue_Triangle.png"",""images/Blue_Triangle.png"",""images/Blue_Triangle.png""]","true","[[103,1],[7,82],[29,205],[146,248],[242,167],[220,44]]","true",""
"visual-search-circle","287","2.2.0","981296","79210","visual_search_trial","683","","j","","","","","","","","","","null","red_circle","14","[""images/Red_Circle.png"",""images/Red_Circle.png"",""images/Red_Circle.png"",""images/Red_Circle.png"",""images/Red_Circle.png"",""images/Red_Circle.png"",""images/Red_Circle.png"",""images/Red_Circle.png"",""images/Red_Circle.png""]","true","[[92,245],[177,238],[238,177],[245,92],[196,22],[114,0],[36,36],[0,114],[22,196]]","false",""
"visual-search-circle","288","2.2.0","983493","79210","visual_search_trial","693","","f","","","","","","","","","","null","red_blue_mix","14","[""images/Red_Triangle.png"",""images/Blue_Circle.png"",""images/Blue_Triangle.png"",""images/Blue_Triangle.png"",""images/Red_Circle.png"",""images/Blue_Triangle.png""]","true","[[12,179],[116,249],[228,194],[237,70],[133,0],[21,55]]","true",""
"visual-search-circle","289","2.2.0","985763","79210","visual_search_trial","764","","f","","","","","","","","","","null","blue_triangle","14","[""images/Red_Triangle.png"",""images/Blue_Triangle.png"",""images/Blue_Triangle.png"",""images/Blue_Triangle.png"",""images/Blue_Triangle.png"",""images/Blue_Triangle.png"",""images/Blue_Triangle.png"",""images/Blue_Triangle.png"",""images/Blue_Triangle.png""]","true","[[22,53],[0,135],[36,213],[114,249],[196,227],[245,157],[238,72],[177,11],[92,4]]","true",""
"visual-search-circle","290","2.2.0","987879","79210","visual_search_trial","611","","j","","","","","","","","","","null","red_circle","14","[""images/Red_Circle.png"",""images/Red_Circle.png"",""images/Red_Circle.png"",""images/Red_Circle.png"",""images/Red_Circle.png"",""images/Red_Circle.png""]","true","[[3,155],[90,245],[211,214],[246,94],[159,4],[38,35]]","false",""
"visual-search-circle","291","2.2.0","990271","79210","visual_search_trial","886","","j","","","","","","","","","","null","red_blue_mix","14","[""images/Blue_Triangle.png"",""images/Blue_Triangle.png"",""images/Blue_Triangle.png""]","true","[[46,222],[248,144],[80,8]]","false",""
"html-keyboard-response","292","2.1.0","994274","79210","intermediate_slide_mindfulness","null","<p style='font-size:2.5vw'>You've finished the visual search. Next is the mindfulness survey.</p>","null","","","","","","","","","","","","","","","","",""
"survey-likert","293","2.1.0","1024182","79210","mindfulness_survey","29905","","{""Rush"":0,""Tasks"":0,""Multitasking"":2,""Focus"":2,""Automatic"":2,""Now"":2,""Preoccupied"":2,""Emotion"":2,""Names"":2,""Driving"":2,""Feelings"":2,""Eat"":2,""Walking"":2,""Attention"":2,""Carelessness"":2}","","","","[7,9,10,2,6,8,12,0,5,11,4,14,3,13,1]","","","","","","","","","","","","",""
"html-keyboard-response","294","2.1.0","1028183","79210","intermediate_slide_ls","null","<p style='font-size:2.5vw'>You've finished the mindfulness survey. Next is the life satisfaction questionnaire.</p>","null","","","","","","","","","","","","","","","","",""
"survey-likert","295","2.1.0","1035346","79210","satisfaction_survey","7160","","{""Important"":3,""Conditions"":3,""Ideal"":3,""Satisfied"":3,""Change"":3}","","","","[3,1,0,2,4]","","","","","","","","","","","","",""
"html-keyboard-response","296","2.1.0","1039348","79210","intermediate_slide_personality","null","<p style='font-size:2.5vw'>You've finished the satisfaction questionnaire. The last survey is a personality questionnaire.</p>","null","","","","","","","","","","","","","","","","",""
"survey-likert","297","2.1.0","1115741","79210","big5_survey","76369","","{""Talkative"":2,""Fault"":2,""Thorough"":2,""Depressed"":2,""Original"":2,""Reserved"":2,""Unselfish"":2,""Careless"":2,""relaxed"":2,""Curious"":2,""Energetic"":2,""Quarrels"":2,""Reliable"":2,""Tense"":2,""Ingenious"":2,""Enthusiastic"":2,""Forgiving"":2,""Disorganzied"":2,""Worries"":2,""imagination"":2,""quiet"":2,""trusting"":2,""Lazy"":2,""stable"":2,""inventive"":2,""Assertive"":2,""aloof"":2,""perservere"":2,""moody"":2,""aesthetic"":2,""shy"":2,""kind"":2,""Efficient"":2,""calm"":2,""routine"":2,""social"":2,""rude"":2,""plans"":2,""Nervous"":2,""reflect"":2,""artistic"":2,""cooperate"":2,""distracted"":2,""sophisticated"":2}","","","","[0,1,2,3,4,5,6,7,8,9,10,11,12,13,14,15,16,17,18,19,20,21,22,23,24,25,26,27,28,29,30,31,32,33,34,35,36,37,38,39,40,41,42,43,44]","","","","","","","","","","","","",""
"html-button-response","298","2.1.0","1118980","79210","debriefing","3235","
    <div style=""max-width: 900px; margin: 0 auto; padding: 20px; text-align: left; line-height: 1.6;"">
      <h1 style=""text-align: center; color: #333; font-size: 24px; margin-bottom: 10px;"">
        Study Debriefing
      </h1>
      <div style=""text-align: center; font-size: 20px; color: #555; margin-bottom: 30px; font-style: italic;"">
        The Effects of Mindfulness and Attention on Life Satisfaction and Memory
      </div>

      <div style=""background-color: #e3f2fd; border-left: 4px solid #2196F3; padding: 20px; margin: 20px 0;"">
        <h2 style=""margin-top: 0; color: #1976d2; font-size: 20px;"">Thank You for Participating!</h2>
        <p style=""margin-bottom: 0;"">We appreciate your time and effort in completing this study. Your participation helps us better understand the relationship between mindfulness, attention, and well-being.</p>
      </div>

      <h2 style=""color: #555; font-size: 20px; margin-top: 30px; border-bottom: 2px solid #e0e0e0; padding-bottom: 8px;"">
        Study Purpose
      </h2>
      <p style=""margin-bottom: 15px;"">The purpose of this study was to examine the relationship between attention, mindfulness, and life satisfaction. Specifically, we wanted to explore whether:</p>
      <ul style=""margin: 10px 0 15px 25px; padding: 0;"">
        <li style=""margin-bottom: 8px;"">Greater levels of mindfulness (awareness of the present moment) are associated with better attentional control (the ability to focus on specific aspects of the environement while 'tuning out' distractions)</li>
        <li style=""margin-bottom: 8px;"">Mindfulness and attention are related to overall life satisfaction</li>
        <li style=""margin-bottom: 8px;"">These relationships hold across people with different levels of conscientiousness</li>
      </ul>

      <h2 style=""color: #555; font-size: 20px; margin-top: 30px; border-bottom: 2px solid #e0e0e0; padding-bottom: 8px;"">
        What We Learned from Your Participation
      </h2>
      <p style=""margin-bottom: 15px;"">The visual search task you completed measures your ability to focus attention and efficiently locate target objects among distractors. This basic cognitive ability may be related to mindfulness practices in everyday life.</p>
      
      <p style=""margin-bottom: 15px;"">The questionnaires you completed help us understand your typical level of mindfulness, your satisfaction with life, and your personality characteristics (most importantly, conscientiousness). By combining data from the visual search task with your survey responses, we can examine how mindfulness and attention may relate to experiences at both a large scale (life satisfaction) and small scale (visual attention).</p>

      <h2 style=""color: #555; font-size: 20px; margin-top: 30px; border-bottom: 2px solid #e0e0e0; padding-bottom: 8px;"">
        How Your Data Will Be Used
      </h2>
      <p style=""margin-bottom: 15px;"">Your anonymous responses will be combined with data from other participants to identify patterns and relationships between mindfulness, attention, and life satisfaction. The results may:</p>
      <ul style=""margin: 10px 0 15px 25px; padding: 0;"">
        <li style=""margin-bottom: 8px;"">Help inform mental health professionals about the potential benefits of mindfulness practices</li>
        <li style=""margin-bottom: 8px;"">Contribute to educational programs that support student well-being</li>
        <li style=""margin-bottom: 8px;"">Advance our understanding of how everyday awareness relates to cognitive functioning</li>
        <li style=""margin-bottom: 8px;"">Be published in peer-reviewed scientific journals and presented at academic conferences</li>
      </ul>

      <h2 style=""color: #555; font-size: 20px; margin-top: 30px; border-bottom: 2px solid #e0e0e0; padding-bottom: 8px;"">
        Confidentiality Reminder
      </h2>
      <p style=""margin-bottom: 15px;"">All of your responses are completely anonymous, and your data has been assigned a random ID number that we cannot trace back to you. We cannot and will not link your identity to your data in any way. Your privacy is protected throughout all stages of data analysis, storage, and potential publication.</p>

      <h2 style=""color: #555; font-size: 20px; margin-top: 30px; border-bottom: 2px solid #e0e0e0; padding-bottom: 8px;"">
        Questions or Concerns?
      </h2>
      <div style=""background-color: #f0f0f0; padding: 15px; border-left: 4px solid #2196F3; margin: 20px 0;"">
        <p style=""margin-bottom: 10px;"">If you have any questions about this study or would like to learn about the results when they become available, please feel free to contact:</p>
        <p style=""margin-bottom: 15px;"">
          <strong>Principal Investigator:</strong> Ella M. Bremmer<br>
          Email: ebremmer@albany.edu<br><br>
          <strong>Co-Principal Investigator:</strong> Pierce C. Johnson<br>
          Email: pjohnson4@albany.edu<br><br>
          <strong>Faculty Advisor:</strong> Gregory Cox, PhD<br>
          Email: gecox@albany.edu
        </p>
        
        <p style=""margin-bottom: 10px;"">If you have questions about your rights as a research participant, you may contact:</p>
        <p style=""margin-bottom: 0;"">
          Institutional Review Board<br>
          University at Albany<br>
          Phone: 1-866-857-5459<br>
          Email: rco@albany.edu
        </p>
      </div>

      <div style=""background-color: #fff3cd; border: 2px solid #ffc107; border-radius: 5px; padding: 20px; margin-top: 30px;"">
        <h2 style=""margin-top: 0; color: #856404; font-size: 18px;"">Receiving Your SONA Credit</h2>
        <p style=""margin-bottom: 10px; color: #856404;"">By clicking ""Complete Study"" below, you will:</p>
        <ul style=""margin: 10px 0 15px 25px; padding: 0; color: #856404;"">
          <li style=""margin-bottom: 8px;"">Finalize your participation in this study</li>
          <li style=""margin-bottom: 8px;"">Be redirected to SONA to receive your research credit</li>
          <li style=""margin-bottom: 8px;"">Have your participation recorded in the SONA system</li>
        </ul>
        <p style=""margin-bottom: 0; font-weight: bold; color: #856404;"">Thank you again for your contribution to psychological research!</p>
      </div>
    </div>
  ","0","","","","","","","","","","","","","","","","",""
