"trial_type","trial_index","plugin_version","time_elapsed","sona_id","phase","rt","stimulus","response","consented","required_key","view_history","question_order","success","timeout","failed_images","failed_audio","failed_video","set_size","distractor_type","block","stimuli_list","correct","locations","target_present","break_key"
"pavlovia","0","null","1327","79227","","","","","","","","","","","","","","","","","","","","",""
"html-button-response","1","2.1.0","6494","79227","informed_consent","5164","
    <div style=""max-width: 900px; margin: 0 auto; padding: 20px; text-align: left; line-height: 1.6;"">
      <h1 style=""text-align: center; color: #333; font-size: 24px; margin-bottom: 10px; font-weight: bold;"">
        INFORMED CONSENT INFORMATION
      </h1>
      <h2 style=""text-align: center; color: #333; font-size: 22px; margin-bottom: 20px; font-weight: bold;"">
        FOR RESEARCH PARTICIPATION
      </h2>
      
      <p style=""margin-bottom: 10px;""><strong>Study Title:</strong> The Effects of Mindfulness and Attention on Life Satisfaction and Memory</p>
      <p style=""margin-bottom: 10px;""><strong>Principal Investigator:</strong> Ella Bremmer</p>
      <p style=""margin-bottom: 10px;""><strong>Co-Principal Investigator:</strong> Dr. Gregory Cox</p>
      <p style=""margin-bottom: 20px;""><strong>IRB Study Number:</strong> STUDY00006288</p>

      <p style=""margin-bottom: 15px;"">I am a student at the University at Albany, in the Department of Psychology. I am planning to conduct a research study, which I invite you to take part in.</p>
      
      <p style=""margin-bottom: 25px;"">This form has important information about the reasons for doing this study, what we will ask you to do, and the way we would like to use the information we collect about you.</p>

      <h3 style=""color: #333; font-size: 18px; margin-top: 25px; margin-bottom: 10px; font-weight: bold;"">
        Why are you doing this study?
      </h3>
      <p style=""margin-bottom: 15px;"">You are being asked to participate in a research study that aims to understand if there is a relationship between mindfulness, the ability to pay attention, and life satisfaction.</p>
      
      <p style=""margin-bottom: 25px;"">The purpose of this study is to investigate if having better control over one's attention influences overall life satisfaction. Your participation will help us better understand if mindfulness and attention do have a significant effect on life satisfaction (i.e., how people feel about their lives overall). Then you will be asked to perform a conjunction visual search task to test your capacity to direct your attention over a sustained period.</p>

      <h3 style=""color: #333; font-size: 18px; margin-top: 25px; margin-bottom: 10px; font-weight: bold;"">
        Why am I eligible to participate in this study?
      </h3>
      <p style=""margin-bottom: 25px;"">You are eligible to participate because you are a student at UAlbany, are at least 18 years old, and are proficient in English.</p>

      <h3 style=""color: #333; font-size: 18px; margin-top: 25px; margin-bottom: 10px; font-weight: bold;"">
        What will I do if I choose to be in this study?
      </h3>
      <p style=""margin-bottom: 10px;"">If you choose to take part in our study, you will do the following:</p>
      <p style=""margin-bottom: 8px; margin-left: 20px;"">1. Read and agree to the informed consent.</p>
      <p style=""margin-bottom: 8px; margin-left: 40px;"">a. If you choose not to agree to the informed consent, you will be taken back to the SONA site.</p>
      <p style=""margin-bottom: 8px; margin-left: 20px;"">2. Complete a demographic questionnaire that asks about your age, English proficiency, gender, and race.</p>
      <p style=""margin-bottom: 8px; margin-left: 20px;"">3. Read instructions for the visual search task, which asks you to indicate if a target (a red triangle) is present among various other colored shapes. You should press the ""F"" key if a red triangle is present, or the ""J"" key if the target is absent.</p>
      <p style=""margin-bottom: 8px; margin-left: 20px;"">4. You will be asked to respond to 270 visual search trials, whith the opportunity to take short breaks as you go</p>
      <p style=""margin-bottom: 8px; margin-left: 20px;"">5. You will complete the Mindfulness Attention Awareness Scale (MAAS), the Satisfaction With Life Scale (SWLS), and the Big Five Inventory.</p>
      <p style=""margin-bottom: 25px; margin-left: 20px;"">6.	After all questionnaires are completed, participants will be thanked for their time and will be provided the study debriefing. Following the debriefing, you will be sent back to the SONA research site.</p>

      <h3 style=""color: #333; font-size: 18px; margin-top: 25px; margin-bottom: 10px; font-weight: bold;"">
        For how long will I participate?
      </h3>
      <p style=""margin-bottom: 25px;"">This study is a single online session that you can complete on a computer. The study can be completed in less than 30 minutes but could require as long as 45 minutes to complete.</p>

      <h3 style=""color: #333; font-size: 18px; margin-top: 25px; margin-bottom: 10px; font-weight: bold;"">
        Where will I need to go to participate?
      </h3>
      <p style=""margin-bottom: 25px;"">All study procedures will take place online and can be completed wherever you have internet connection.</p>

      <h3 style=""color: #333; font-size: 18px; margin-top: 25px; margin-bottom: 10px; font-weight: bold;"">
        Are there any costs I should be aware of?
      </h3>
      <p style=""margin-bottom: 25px;"">Participation is not expected to incur cost to participants. Free internet access is available anywhere on campus and in the university library.</p>

      <h3 style=""color: #333; font-size: 18px; margin-top: 25px; margin-bottom: 10px; font-weight: bold;"">
        What are the possible risks or discomforts?
      </h3>
      <p style=""margin-bottom: 15px;"">As with all research, there is a chance that confidentiality of the information we collect from you could be breached – we will take steps to minimize this risk, as discussed in more detail below.</p>
      
      <p style=""margin-bottom: 25px;"">The risks associated with participating in this study are minimal; however, you may experience mild discomfort when reflecting on your mindfulness or life satisfaction when answering questionnaires in the study. To help minimize this, you can withdraw from the study at any time without any consequences. The study will take place online, and you will have the opportunity to take breaks while completing the survey to reduce the risk of eye strain associated with the use of electronic devices.</p>

      <h3 style=""color: #333; font-size: 18px; margin-top: 25px; margin-bottom: 10px; font-weight: bold;"">
        What are the possible benefits for me or others?
      </h3>
      <p style=""margin-bottom: 25px;"">While there are no direct personal benefits to participants of this study, you may find value in reflecting on your mindfulness, attention, and its impact on life satisfaction by completing this survey. The data you contribute may help advance society's understanding of how mindfulness and attention relate to overall well-being, potentially informing future programs or interventions aimed at improving student mental health, attention, and life satisfaction.</p>

      <h3 style=""color: #333; font-size: 18px; margin-top: 25px; margin-bottom: 10px; font-weight: bold;"">
        Will I receive compensation for my participation?
      </h3>
      <p style=""margin-bottom: 25px;"">SONA partial class credit will be awarded via the Psychology Department SONA research pool after you complete the survey in its entirety. Participants who withdraw before completing the survey will not receive partial credit. You will not receive monetary compensation for your participation in this study.</p>

      <h3 style=""color: #333; font-size: 18px; margin-top: 25px; margin-bottom: 10px; font-weight: bold;"">
        How will you protect the information you collect about me, and how will that information be shared?
      </h3>
      <p style=""margin-bottom: 15px;"">Results of this study may be used in publications and presentations. Your data will be handled as confidentially as possible, and no identifiable information will be collected to link your data back to you. If results of this study are published or presented, only de-identified summaries of data will be used.</p>
      
      <p style=""margin-bottom: 25px;"">To minimize the risks to confidentiality, all data will be collected anonymously via Pavlovia.org which uses encryption to protect information (https://pavlovia.org/docs/home/ethics). Only the student researcher (Ella Bremmer), mentor (Pierce Johnson), and faculty advisor (Gregory Cox) will have password-protected access to the data. Data will be stored on secure, university approved computers.</p>

      <h3 style=""color: #333; font-size: 18px; margin-top: 25px; margin-bottom: 10px; font-weight: bold;"">
        Will my data be used in future research?
      </h3>
      <p style=""margin-bottom: 25px;"">No personal identifiers will be collected in the data you provide us. Data will not be used in future research, and will be deleted after the required retention period.</p>

      <h3 style=""color: #333; font-size: 18px; margin-top: 25px; margin-bottom: 10px; font-weight: bold;"">
        What are my rights as a research participant?
      </h3>
      <p style=""margin-bottom: 15px;"">Participation in this study is voluntary. You do not have to answer any question you do not want to answer. If at any time and for any reason, you would prefer not to participate in this study, please feel free not to. If at any time you would like to stop participating, you are welcome to stop. You can take a break or stop altogether. You may withdraw from this study at any time, and you will not be penalized in any way for deciding to stop participation.</p>
      
      <p style=""margin-bottom: 25px;"">If you decide to withdraw from this study, any information collected from you before withdrawing will not be used, and your data will be deleted.</p>

      <h3 style=""color: #333; font-size: 18px; margin-top: 25px; margin-bottom: 10px; font-weight: bold;"">
        What if I am a University at Albany student or employee?
      </h3>
      <p style=""margin-bottom: 25px;"">You may choose not to participate or to stop participating in this research at any time. This will not affect your class standing, grades, employment, or any other aspects of your relationship with the University at Albany.</p>

      <h3 style=""color: #333; font-size: 18px; margin-top: 25px; margin-bottom: 10px; font-weight: bold;"">
        Who can I contact if I have questions or concerns about this research study?
      </h3>
      <p style=""margin-bottom: 15px;"">If you have questions, please feel free to stop and email the investigator, Ella Bremmer (ebremmer@albany.edu) or advisors, Pierce Johnson (pjohnson4@albany.edu) and Dr. Greg Cox (gecox@albany.edu). If you have questions later, you may also contact the researchers.</p>
      
      <p style=""margin-bottom: 10px;"">If you have any questions about your rights as a participant in this research, you can contact the following office at the University at Albany:</p>
      
      <p style=""margin-bottom: 5px; margin-left: 20px;"">Institutional Review Board</p>
      <p style=""margin-bottom: 5px; margin-left: 20px;"">University at Albany</p>
      <p style=""margin-bottom: 5px; margin-left: 20px;"">Office of Regulatory and Research Compliance</p>
      <p style=""margin-bottom: 5px; margin-left: 20px;"">1400 Washington Ave, Biology 227</p>
      <p style=""margin-bottom: 5px; margin-left: 20px;"">Albany, NY 12222</p>
      <p style=""margin-bottom: 5px; margin-left: 20px;"">Phone: 1-866-857-5459</p>
      <p style=""margin-bottom: 25px; margin-left: 20px;"">Email: rco@albany.edu</p>

      <h3 style=""color: #333; font-size: 18px; margin-top: 30px; margin-bottom: 10px; font-weight: bold;"">
        Consent
      </h3>
      <p style=""margin-bottom: 20px;"">I have read this form and the research study has been explained to me. I have been given the opportunity to ask questions and my questions have been answered. If I have additional questions, I have been told whom to contact. I agree to participate in the research study described above. I understand that I have the opportunity to download and save a copy of this form for my records.</p>

      <div style=""background-color: #f9f9f9; border: 2px solid #4CAF50; border-radius: 5px; padding: 20px; margin-top: 20px; margin-bottom: 20px;"">
        <p style=""margin-bottom: 15px; font-weight: bold;"">To save a copy of this consent form for your records, press Ctrl+P (Windows/Linux) or Cmd+P (Mac) and select ""Save as PDF"".</p>
        <p style=""margin-bottom: 0; font-weight: bold;"">By clicking ""I Agree"" below, I confirm that I agree to participate in the research study described above, and that doing so serves as my written signature consenting to take part in the study.</p>
      </div>
    </div>
  ","0","true","","","","","","","","","","","","","","","",""
"instructions","3","2.1.0","8787","79227","intro_instructions","2291","","","","f","[{""page_index"":0,""viewing_time"":2291}]","","","","","","","","","","","","","",""
"html-keyboard-response","4","2.1.0","10791","79227","intermediate_slide_demo","null","<p style=""font-size:4vw"">Demographic Questionnaire</p>","null","","","","","","","","","","","","","","","","",""
"survey-multi-choice","5","2.1.0","13413","79227","demographics_english","2619","","{""english"":""Agree""}","","","","[0]","","","","","","","","","","","","",""
"survey-text","7","2.1.0","17829","79227","demographics_age","4405","","{""age"":""19""}","","","","","","","","","","","","","","","","",""
"survey-multi-select","9","2.1.0","19929","79227","demographics_gender","2096","","{""gender"":[""Man""]}","","","","[0]","","","","","","","","","","","","",""
"survey-multi-choice","11","2.1.0","22229","79227","demographics_race","2297","","{""race"":""Black or African American""}","","","","[0]","","","","","","","","","","","","",""
"html-keyboard-response","12","2.1.0","24232","79227","intermediate_slide_VS","null","<p style=""font-size:4vw"">Visual Search Task</p>","null","","","","","","","","","","","","","","","","",""
"preload","13","2.1.0","24682","79227","image_preload","","","","","","","","true","false","[]","[]","[]","","","","","","","",""
"html-button-response","14","2.1.0","25628","79227","vs_instructions","944","<p>On the following screens, you will see a series of colored shapes (triangles, squares, and circles) appear.</p>
    <p>Please Press 'F' if there <strong>is</strong> a red triangle among the shapes you see.</p>
    <p>Press 'J' if there is <strong>not</strong> a red triangle among the shapes you see.</p>","0","","","","","","","","","","","","","","","","",""
"visual-search-circle","15","2.2.0","28720","79227","visual_search_trial","1584","","f","","","","","","","","","","null","blue_triangle","0","[""images/Red_Triangle.png"",""images/Blue_Triangle.png"",""images/Blue_Triangle.png"",""images/Blue_Triangle.png"",""images/Blue_Triangle.png"",""images/Blue_Triangle.png"",""images/Blue_Triangle.png"",""images/Blue_Triangle.png"",""images/Blue_Triangle.png""]","true","[[223,48],[150,2],[66,14],[9,78],[6,163],[58,231],[142,248],[217,208],[249,129]]","true",""
"visual-search-circle","16","2.2.0","33740","79227","visual_search_trial","3514","","j","","","","","","","","","","null","red_blue_mix","0","[""images/Blue_Circle.png"",""images/Blue_Triangle.png"",""images/Red_Circle.png"",""images/Blue_Circle.png"",""images/Blue_Triangle.png"",""images/Blue_Triangle.png""]","true","[[247,101],[165,6],[42,30],[2,148],[84,243],[207,219]]","false",""
"visual-search-circle","17","2.2.0","37891","79227","visual_search_trial","2644","","j","","","","","","","","","","null","red_circle","0","[""images/Red_Circle.png"",""images/Red_Circle.png"",""images/Red_Circle.png"",""images/Red_Circle.png"",""images/Red_Circle.png"",""images/Red_Circle.png"",""images/Red_Circle.png"",""images/Red_Circle.png"",""images/Red_Circle.png""]","true","[[46,27],[2,101],[15,185],[80,241],[165,243],[232,189],[248,105],[207,30],[127,0]]","false",""
"visual-search-circle","18","2.2.0","40264","79227","visual_search_trial","868","","f","","","","","","","","","","null","blue_triangle","0","[""images/Red_Triangle.png"",""images/Blue_Triangle.png"",""images/Blue_Triangle.png""]","true","[[64,234],[249,122],[60,17]]","true",""
"visual-search-circle","19","2.2.0","43209","79227","visual_search_trial","1442","","j","","","","","","","","","","null","red_circle","0","[""images/Red_Circle.png"",""images/Red_Circle.png"",""images/Red_Circle.png""]","true","[[243,84],[30,42],[101,247]]","false",""
"visual-search-circle","20","2.2.0","45420","79227","visual_search_trial","705","","j","","","","","","","","","","null","blue_triangle","0","[""images/Blue_Triangle.png"",""images/Blue_Triangle.png"",""images/Blue_Triangle.png""]","true","[[226,51],[10,74],[138,249]]","false",""
"visual-search-circle","21","2.2.0","48208","79227","visual_search_trial","1283","","f","","","","","","","","","","null","red_blue_mix","0","[""images/Red_Triangle.png"",""images/Blue_Triangle.png"",""images/Blue_Triangle.png"",""images/Red_Circle.png"",""images/Blue_Triangle.png"",""images/Blue_Triangle.png""]","true","[[29,44],[7,167],[103,248],[220,205],[242,82],[146,1]]","true",""
"visual-search-circle","22","2.2.0","51989","79227","visual_search_trial","2275","","f","","","","","","","","","","null","red_circle","0","[""images/Red_Triangle.png"",""images/Red_Circle.png"",""images/Red_Circle.png"",""images/Red_Circle.png"",""images/Red_Circle.png"",""images/Red_Circle.png""]","true","[[80,8],[1,105],[46,222],[169,241],[248,144],[203,27]]","true",""
"visual-search-circle","23","2.2.0","54925","79227","visual_search_trial","1428","","j","","","","","","","","","","null","red_blue_mix","0","[""images/Red_Triangle.png"",""images/Blue_Circle.png"",""images/Blue_Triangle.png"",""images/Blue_Circle.png"",""images/Blue_Triangle.png"",""images/Red_Circle.png"",""images/Red_Circle.png"",""images/Red_Circle.png"",""images/Blue_Triangle.png""]","false","[[0,109],[20,193],[88,244],[173,240],[236,181],[246,96],[200,25],[118,0],[39,33]]","true",""
"visual-search-circle","24","2.2.0","57475","79227","visual_search_trial","1044","","j","","","","","","","","","","null","blue_triangle","0","[""images/Blue_Triangle.png"",""images/Blue_Triangle.png"",""images/Blue_Triangle.png"",""images/Blue_Triangle.png"",""images/Blue_Triangle.png"",""images/Blue_Triangle.png"",""images/Blue_Triangle.png"",""images/Blue_Triangle.png"",""images/Blue_Triangle.png""]","true","[[241,169],[243,84],[189,17],[105,1],[30,42],[0,122],[27,203],[101,247],[185,234]]","false",""
"visual-search-circle","25","2.2.0","59552","79227","visual_search_trial","572","","f","","","","","","","","","","null","red_blue_mix","0","[""images/Red_Triangle.png"",""images/Red_Circle.png"",""images/Red_Circle.png""]","true","[[208,32],[2,99],[163,243]]","true",""
"visual-search-circle","26","2.2.0","61506","79227","visual_search_trial","450","","f","","","","","","","","","","null","red_circle","0","[""images/Red_Triangle.png"",""images/Red_Circle.png"",""images/Red_Circle.png""]","true","[[203,27],[1,105],[169,241]]","true",""
"visual-search-circle","27","2.2.0","64683","79227","visual_search_trial","1672","","j","","","","","","","","","","null","red_blue_mix","0","[""images/Red_Circle.png"",""images/Red_Circle.png"",""images/Blue_Triangle.png""]","true","[[242,82],[29,44],[103,248]]","false",""
"visual-search-circle","28","2.2.0","67752","79227","visual_search_trial","1563","","j","","","","","","","","","","null","red_circle","0","[""images/Red_Circle.png"",""images/Red_Circle.png"",""images/Red_Circle.png"",""images/Red_Circle.png"",""images/Red_Circle.png"",""images/Red_Circle.png""]","true","[[203,27],[80,8],[1,105],[46,222],[169,241],[248,144]]","false",""
"visual-search-circle","29","2.2.0","70400","79227","visual_search_trial","1141","","j","","","","","","","","","","null","red_blue_mix","0","[""images/Red_Circle.png"",""images/Blue_Circle.png"",""images/Blue_Circle.png"",""images/Blue_Circle.png"",""images/Blue_Triangle.png"",""images/Red_Circle.png"",""images/Blue_Circle.png"",""images/Red_Circle.png"",""images/Blue_Circle.png""]","true","[[25,49],[0,131],[33,210],[109,249],[193,229],[244,161],[240,76],[181,13],[96,3]]","false",""
"visual-search-circle","30","2.2.0","72885","79227","visual_search_trial","979","","j","","","","","","","","","","null","blue_triangle","0","[""images/Blue_Triangle.png"",""images/Blue_Triangle.png"",""images/Blue_Triangle.png"",""images/Blue_Triangle.png"",""images/Blue_Triangle.png"",""images/Blue_Triangle.png""]","true","[[120,0],[14,66],[18,191],[129,249],[235,183],[231,58]]","false",""
"visual-search-circle","31","2.2.0","74976","79227","visual_search_trial","584","","f","","","","","","","","","","null","red_circle","0","[""images/Red_Triangle.png"",""images/Red_Circle.png"",""images/Red_Circle.png"",""images/Red_Circle.png"",""images/Red_Circle.png"",""images/Red_Circle.png"",""images/Red_Circle.png"",""images/Red_Circle.png"",""images/Red_Circle.png""]","true","[[224,200],[249,118],[216,39],[140,0],[56,20],[5,88],[9,173],[68,236],[153,246]]","true",""
"visual-search-circle","32","2.2.0","77372","79227","visual_search_trial","891","","f","","","","","","","","","","null","blue_triangle","0","[""images/Red_Triangle.png"",""images/Blue_Triangle.png"",""images/Blue_Triangle.png"",""images/Blue_Triangle.png"",""images/Blue_Triangle.png"",""images/Blue_Triangle.png""]","true","[[163,243],[247,150],[208,32],[86,6],[2,99],[41,217]]","true",""
"visual-search-circle","33","2.2.0","79373","79227","visual_search_trial","496","","f","","","","","","","","","","null","blue_triangle","1","[""images/Red_Triangle.png"",""images/Blue_Triangle.png"",""images/Blue_Triangle.png""]","true","[[1,103],[167,242],[205,29]]","true",""
"visual-search-circle","34","2.2.0","81421","79227","visual_search_trial","542","","j","","","","","","","","","","null","red_blue_mix","1","[""images/Blue_Circle.png"",""images/Blue_Triangle.png"",""images/Blue_Triangle.png"",""images/Blue_Circle.png"",""images/Blue_Circle.png"",""images/Blue_Triangle.png""]","true","[[103,248],[220,205],[242,82],[146,1],[29,44],[7,167]]","false",""
"visual-search-circle","35","2.2.0","83519","79227","visual_search_trial","592","","j","","","","","","","","","","null","red_circle","1","[""images/Red_Circle.png"",""images/Red_Circle.png"",""images/Red_Circle.png"",""images/Red_Circle.png"",""images/Red_Circle.png"",""images/Red_Circle.png""]","true","[[21,194],[133,249],[237,179],[228,55],[116,0],[12,70]]","false",""
"visual-search-circle","36","2.2.0","85467","79227","visual_search_trial","441","","j","","","","","","","","","","null","blue_triangle","1","[""images/Blue_Triangle.png"",""images/Blue_Triangle.png"",""images/Blue_Triangle.png"",""images/Blue_Triangle.png"",""images/Blue_Triangle.png"",""images/Blue_Triangle.png"",""images/Blue_Triangle.png"",""images/Blue_Triangle.png"",""images/Blue_Triangle.png""]","true","[[48,26],[2,99],[14,183],[78,240],[163,243],[231,191],[248,107],[208,32],[129,0]]","false",""
"visual-search-circle","37","2.2.0","87415","79227","visual_search_trial","442","","f","","","","","","","","","","null","red_circle","1","[""images/Red_Triangle.png"",""images/Red_Circle.png"",""images/Red_Circle.png"",""images/Red_Circle.png"",""images/Red_Circle.png"",""images/Red_Circle.png""]","true","[[150,2],[32,41],[6,163],[99,247],[217,208],[243,86]]","true",""
"visual-search-circle","38","2.2.0","89437","79227","visual_search_trial","517","","j","","","","","","","","","","null","red_blue_mix","1","[""images/Blue_Triangle.png"",""images/Red_Circle.png"",""images/Red_Circle.png""]","true","[[207,219],[165,6],[2,148]]","false",""
"visual-search-circle","39","2.2.0","91354","79227","visual_search_trial","412","","f","","","","","","","","","","null","red_circle","1","[""images/Red_Triangle.png"",""images/Red_Circle.png"",""images/Red_Circle.png""]","true","[[249,116],[55,21],[70,237]]","true",""
"visual-search-circle","40","2.2.0","93415","79227","visual_search_trial","555","","j","","","","","","","","","","null","blue_triangle","1","[""images/Blue_Triangle.png"",""images/Blue_Triangle.png"",""images/Blue_Triangle.png"",""images/Blue_Triangle.png"",""images/Blue_Triangle.png"",""images/Blue_Triangle.png""]","true","[[1,107],[48,223],[171,240],[248,142],[201,26],[78,9]]","false",""
"visual-search-circle","41","2.2.0","95528","79227","visual_search_trial","606","","j","","","","","","","","","","null","red_blue_mix","1","[""images/Blue_Circle.png"",""images/Red_Circle.png"",""images/Blue_Triangle.png"",""images/Blue_Circle.png"",""images/Blue_Circle.png"",""images/Blue_Triangle.png"",""images/Blue_Circle.png"",""images/Blue_Circle.png"",""images/Blue_Circle.png""]","true","[[222,203],[249,122],[219,42],[144,1],[60,17],[6,84],[8,169],[64,234],[148,247]]","false",""
"visual-search-circle","42","2.2.0","97578","79227","visual_search_trial","545","","j","","","","","","","","","","null","red_circle","1","[""images/Red_Circle.png"",""images/Red_Circle.png"",""images/Red_Circle.png""]","true","[[248,142],[78,9],[48,223]]","false",""
"visual-search-circle","43","2.2.0","99808","79227","visual_search_trial","726","","j","","","","","","","","","","null","blue_triangle","1","[""images/Blue_Triangle.png"",""images/Blue_Triangle.png"",""images/Blue_Triangle.png""]","true","[[227,53],[11,72],[135,249]]","false",""
"visual-search-circle","44","2.2.0","101851","79227","visual_search_trial","538","","f","","","","","","","","","","null","red_blue_mix","1","[""images/Red_Triangle.png"",""images/Blue_Circle.png"",""images/Red_Circle.png""]","true","[[133,249],[228,55],[12,70]]","true",""
"visual-search-circle","45","2.2.0","103992","79227","visual_search_trial","636","","f","","","","","","","","","","null","blue_triangle","1","[""images/Red_Triangle.png"",""images/Blue_Triangle.png"",""images/Blue_Triangle.png"",""images/Blue_Triangle.png"",""images/Blue_Triangle.png"",""images/Blue_Triangle.png""]","true","[[94,246],[214,211],[245,90],[155,3],[35,38],[4,159]]","true",""
"visual-search-circle","46","2.2.0","105946","79227","visual_search_trial","447","","f","","","","","","","","","","null","red_circle","1","[""images/Red_Triangle.png"",""images/Red_Circle.png"",""images/Red_Circle.png"",""images/Red_Circle.png"",""images/Red_Circle.png"",""images/Red_Circle.png"",""images/Red_Circle.png"",""images/Red_Circle.png"",""images/Red_Circle.png""]","true","[[120,249],[201,223],[247,150],[235,66],[171,9],[86,6],[18,58],[1,142],[41,217]]","true",""
"visual-search-circle","47","2.2.0","107913","79227","visual_search_trial","460","","f","","","","","","","","","","null","red_blue_mix","1","[""images/Red_Triangle.png"",""images/Blue_Circle.png"",""images/Blue_Triangle.png"",""images/Red_Circle.png"",""images/Blue_Circle.png"",""images/Blue_Circle.png"",""images/Blue_Circle.png"",""images/Blue_Triangle.png"",""images/Red_Circle.png""]","true","[[41,217],[120,249],[201,223],[247,150],[235,66],[171,9],[86,6],[18,58],[1,142]]","true",""
"visual-search-circle","48","2.2.0","109853","79227","visual_search_trial","433","","f","","","","","","","","","","null","blue_triangle","1","[""images/Red_Triangle.png"",""images/Blue_Triangle.png"",""images/Blue_Triangle.png"",""images/Blue_Triangle.png"",""images/Blue_Triangle.png"",""images/Blue_Triangle.png"",""images/Blue_Triangle.png"",""images/Blue_Triangle.png"",""images/Blue_Triangle.png""]","true","[[173,9],[88,5],[20,56],[0,140],[39,216],[118,249],[200,224],[246,153],[236,68]]","true",""
"visual-search-circle","49","2.2.0","111874","79227","visual_search_trial","514","","j","","","","","","","","","","null","red_circle","1","[""images/Red_Circle.png"",""images/Red_Circle.png"",""images/Red_Circle.png"",""images/Red_Circle.png"",""images/Red_Circle.png"",""images/Red_Circle.png"",""images/Red_Circle.png"",""images/Red_Circle.png"",""images/Red_Circle.png""]","true","[[229,193],[249,109],[210,33],[131,0],[49,25],[3,96],[13,181],[76,240],[161,244]]","false",""
"visual-search-circle","50","2.2.0","113785","79227","visual_search_trial","405","","f","","","","","","","","","","null","red_blue_mix","1","[""images/Red_Triangle.png"",""images/Red_Circle.png"",""images/Blue_Circle.png"",""images/Red_Circle.png"",""images/Blue_Circle.png"",""images/Blue_Circle.png""]","true","[[239,74],[138,0],[23,51],[10,175],[111,249],[226,198]]","true",""
"html-keyboard-response","51","2.1.0","115832","79227","break","2045","<p>Great job so far! Please rest for a few seconds before continuing.</p>
                 <p>Press the <strong>O</strong> key on your keyboard to continue.</p>","o","","","","","","","","","","","","","","","","","O"
"visual-search-circle","52","2.2.0","117967","79227","visual_search_trial","627","","f","","","","","","","","","","null","red_circle","2","[""images/Red_Triangle.png"",""images/Red_Circle.png"",""images/Red_Circle.png"",""images/Red_Circle.png"",""images/Red_Circle.png"",""images/Red_Circle.png""]","true","[[203,27],[80,8],[1,105],[46,222],[169,241],[248,144]]","true",""
"visual-search-circle","53","2.2.0","119966","79227","visual_search_trial","491","","f","","","","","","","","","","null","red_blue_mix","2","[""images/Red_Triangle.png"",""images/Blue_Triangle.png"",""images/Blue_Circle.png"",""images/Red_Circle.png"",""images/Red_Circle.png"",""images/Blue_Circle.png"",""images/Blue_Circle.png"",""images/Red_Circle.png"",""images/Blue_Circle.png""]","true","[[245,92],[196,22],[114,0],[36,36],[0,114],[22,196],[92,245],[177,238],[238,177]]","true",""
"visual-search-circle","54","2.2.0","122034","79227","visual_search_trial","563","","f","","","","","","","","","","null","red_circle","2","[""images/Red_Triangle.png"",""images/Red_Circle.png"",""images/Red_Circle.png""]","true","[[245,159],[94,3],[35,211]]","true",""
"visual-search-circle","55","2.2.0","123989","79227","visual_search_trial","449","","j","","","","","","","","","","null","blue_triangle","2","[""images/Blue_Triangle.png"",""images/Blue_Triangle.png"",""images/Blue_Triangle.png"",""images/Blue_Triangle.png"",""images/Blue_Triangle.png"",""images/Blue_Triangle.png""]","true","[[227,196],[238,72],[135,0],[22,53],[11,177],[114,249]]","false",""
"visual-search-circle","56","2.2.0","126534","79227","visual_search_trial","1042","","f","","","","","","","","","","null","red_blue_mix","2","[""images/Red_Triangle.png"",""images/Red_Circle.png"",""images/Blue_Triangle.png""]","true","[[144,248],[222,46],[8,80]]","true",""
"visual-search-circle","57","2.2.0","128793","79227","visual_search_trial","754","","j","","","","","","","","","","null","blue_triangle","2","[""images/Blue_Triangle.png"",""images/Blue_Triangle.png"",""images/Blue_Triangle.png""]","true","[[249,135],[72,11],[53,227]]","false",""
"visual-search-circle","58","2.2.0","130790","79227","visual_search_trial","492","","j","","","","","","","","","","null","red_circle","2","[""images/Red_Circle.png"",""images/Red_Circle.png"",""images/Red_Circle.png"",""images/Red_Circle.png"",""images/Red_Circle.png"",""images/Red_Circle.png""]","true","[[140,0],[25,49],[9,173],[109,249],[224,200],[240,76]]","false",""
"visual-search-circle","59","2.2.0","132823","79227","visual_search_trial","525","","j","","","","","","","","","","null","red_blue_mix","2","[""images/Blue_Triangle.png"",""images/Red_Circle.png"",""images/Blue_Circle.png"",""images/Blue_Circle.png"",""images/Red_Circle.png"",""images/Red_Circle.png"",""images/Blue_Triangle.png"",""images/Blue_Triangle.png"",""images/Blue_Triangle.png""]","true","[[231,191],[248,107],[208,32],[129,0],[48,26],[2,99],[14,183],[78,240],[163,243]]","false",""
"visual-search-circle","60","2.2.0","134560","79227","visual_search_trial","232","","f","","","","","","","","","","null","blue_triangle","2","[""images/Red_Triangle.png"",""images/Blue_Triangle.png"",""images/Blue_Triangle.png"",""images/Blue_Triangle.png"",""images/Blue_Triangle.png"",""images/Blue_Triangle.png""]","true","[[240,78],[142,1],[26,48],[9,171],[107,248],[223,201]]","true",""
"visual-search-circle","61","2.2.0","136600","79227","visual_search_trial","535","","j","","","","","","","","","","null","red_blue_mix","2","[""images/Blue_Circle.png"",""images/Blue_Triangle.png"",""images/Red_Circle.png""]","true","[[240,78],[26,48],[107,248]]","false",""
"visual-search-circle","62","2.2.0","138597","79227","visual_search_trial","490","","f","","","","","","","","","","null","blue_triangle","2","[""images/Red_Triangle.png"",""images/Blue_Triangle.png"",""images/Blue_Triangle.png"",""images/Blue_Triangle.png"",""images/Blue_Triangle.png"",""images/Blue_Triangle.png"",""images/Blue_Triangle.png"",""images/Blue_Triangle.png"",""images/Blue_Triangle.png""]","true","[[13,181],[76,240],[161,244],[229,193],[249,109],[210,33],[131,0],[49,25],[3,96]]","true",""
"visual-search-circle","63","2.2.0","140612","79227","visual_search_trial","508","","j","","","","","","","","","","null","red_circle","2","[""images/Red_Circle.png"",""images/Red_Circle.png"",""images/Red_Circle.png"",""images/Red_Circle.png"",""images/Red_Circle.png"",""images/Red_Circle.png"",""images/Red_Circle.png"",""images/Red_Circle.png"",""images/Red_Circle.png""]","true","[[2,101],[15,185],[80,241],[165,243],[232,189],[248,105],[207,30],[127,0],[46,27]]","false",""
"visual-search-circle","64","2.2.0","142502","79227","visual_search_trial","383","","j","","","","","","","","","","null","blue_triangle","2","[""images/Blue_Triangle.png"",""images/Blue_Triangle.png"",""images/Blue_Triangle.png"",""images/Blue_Triangle.png"",""images/Blue_Triangle.png"",""images/Blue_Triangle.png"",""images/Blue_Triangle.png"",""images/Blue_Triangle.png"",""images/Blue_Triangle.png""]","true","[[32,208],[107,248],[191,231],[243,163],[240,78],[183,14],[99,2],[26,48],[0,129]]","false",""
"visual-search-circle","65","2.2.0","144394","79227","visual_search_trial","388","","j","","","","","","","","","","null","red_circle","2","[""images/Red_Circle.png"",""images/Red_Circle.png"",""images/Red_Circle.png""]","true","[[203,222],[169,8],[1,144]]","false",""
"visual-search-circle","66","2.2.0","146314","79227","visual_search_trial","415","","f","","","","","","","","","","null","blue_triangle","2","[""images/Red_Triangle.png"",""images/Blue_Triangle.png"",""images/Blue_Triangle.png""]","true","[[216,39],[5,88],[153,246]]","true",""
"visual-search-circle","67","2.2.0","148341","79227","visual_search_trial","522","","f","","","","","","","","","","null","red_blue_mix","2","[""images/Red_Triangle.png"",""images/Blue_Circle.png"",""images/Red_Circle.png"",""images/Blue_Triangle.png"",""images/Blue_Triangle.png"",""images/Blue_Triangle.png""]","true","[[21,194],[133,249],[237,179],[228,55],[116,0],[12,70]]","true",""
"visual-search-circle","68","2.2.0","150760","79227","visual_search_trial","912","","f","","","","","","","","","","null","red_circle","2","[""images/Red_Triangle.png"",""images/Red_Circle.png"",""images/Red_Circle.png"",""images/Red_Circle.png"",""images/Red_Circle.png"",""images/Red_Circle.png"",""images/Red_Circle.png"",""images/Red_Circle.png"",""images/Red_Circle.png""]","true","[[16,187],[82,242],[167,242],[233,187],[248,103],[205,29],[125,0],[44,29],[1,103]]","true",""
"visual-search-circle","69","2.2.0","152844","79227","visual_search_trial","577","","j","","","","","","","","","","null","red_blue_mix","2","[""images/Blue_Circle.png"",""images/Blue_Triangle.png"",""images/Blue_Circle.png"",""images/Blue_Circle.png"",""images/Blue_Triangle.png"",""images/Blue_Circle.png""]","true","[[18,191],[129,249],[235,183],[231,58],[120,0],[14,66]]","false",""
"visual-search-circle","70","2.2.0","154835","79227","visual_search_trial","486","","j","","","","","","","","","","null","blue_triangle","3","[""images/Blue_Triangle.png"",""images/Blue_Triangle.png"",""images/Blue_Triangle.png"",""images/Blue_Triangle.png"",""images/Blue_Triangle.png"",""images/Blue_Triangle.png""]","true","[[68,236],[193,229],[249,118],[181,13],[56,20],[0,131]]","false",""
"visual-search-circle","71","2.2.0","156764","79227","visual_search_trial","422","","j","","","","","","","","","","null","red_circle","3","[""images/Red_Circle.png"",""images/Red_Circle.png"",""images/Red_Circle.png"",""images/Red_Circle.png"",""images/Red_Circle.png"",""images/Red_Circle.png"",""images/Red_Circle.png"",""images/Red_Circle.png"",""images/Red_Circle.png""]","true","[[114,0],[36,36],[0,114],[22,196],[92,245],[177,238],[238,177],[245,92],[196,22]]","false",""
"visual-search-circle","72","2.2.0","158700","79227","visual_search_trial","429","","f","","","","","","","","","","null","blue_triangle","3","[""images/Red_Triangle.png"",""images/Blue_Triangle.png"",""images/Blue_Triangle.png"",""images/Blue_Triangle.png"",""images/Blue_Triangle.png"",""images/Blue_Triangle.png"",""images/Blue_Triangle.png"",""images/Blue_Triangle.png"",""images/Blue_Triangle.png""]","true","[[2,99],[14,183],[78,240],[163,243],[231,191],[248,107],[208,32],[129,0],[48,26]]","true",""
"visual-search-circle","73","2.2.0","160655","79227","visual_search_trial","450","","j","","","","","","","","","","null","red_blue_mix","3","[""images/Blue_Circle.png"",""images/Blue_Circle.png"",""images/Blue_Triangle.png""]","true","[[240,173],[109,0],[25,200]]","false",""
"visual-search-circle","74","2.2.0","162603","79227","visual_search_trial","443","","j","","","","","","","","","","null","blue_triangle","3","[""images/Blue_Triangle.png"",""images/Blue_Triangle.png"",""images/Blue_Triangle.png""]","true","[[200,224],[173,9],[0,140]]","false",""
"visual-search-circle","75","2.2.0","164549","79227","visual_search_trial","440","","f","","","","","","","","","","null","red_blue_mix","3","[""images/Red_Triangle.png"",""images/Red_Circle.png"",""images/Blue_Circle.png"",""images/Red_Circle.png"",""images/Red_Circle.png"",""images/Blue_Circle.png""]","true","[[5,88],[33,210],[153,246],[244,161],[216,39],[96,3]]","true",""
"visual-search-circle","76","2.2.0","166456","79227","visual_search_trial","402","","j","","","","","","","","","","null","red_circle","3","[""images/Red_Circle.png"",""images/Red_Circle.png"",""images/Red_Circle.png""]","true","[[84,6],[42,219],[247,148]]","false",""
"visual-search-circle","77","2.2.0","168443","79227","visual_search_trial","481","","f","","","","","","","","","","null","blue_triangle","3","[""images/Red_Triangle.png"",""images/Blue_Triangle.png"",""images/Blue_Triangle.png"",""images/Blue_Triangle.png"",""images/Blue_Triangle.png"",""images/Blue_Triangle.png""]","true","[[70,12],[0,116],[55,228],[179,237],[249,133],[194,21]]","true",""
"visual-search-circle","78","2.2.0","170524","79227","visual_search_trial","574","","j","","","","","","","","","","null","red_blue_mix","3","[""images/Blue_Triangle.png"",""images/Red_Circle.png"",""images/Red_Circle.png"",""images/Blue_Circle.png"",""images/Blue_Triangle.png"",""images/Blue_Triangle.png"",""images/Blue_Circle.png"",""images/Blue_Triangle.png"",""images/Blue_Circle.png""]","true","[[243,163],[240,78],[183,14],[99,2],[26,48],[0,129],[32,208],[107,248],[191,231]]","false",""
"visual-search-circle","79","2.2.0","172541","79227","visual_search_trial","513","","f","","","","","","","","","","null","red_circle","3","[""images/Red_Triangle.png"",""images/Red_Circle.png"",""images/Red_Circle.png""]","true","[[68,236],[249,118],[56,20]]","true",""
"visual-search-circle","80","2.2.0","174616","79227","visual_search_trial","569","","j","","","","","","","","","","null","blue_triangle","3","[""images/Blue_Triangle.png"",""images/Blue_Triangle.png"",""images/Blue_Triangle.png"",""images/Blue_Triangle.png"",""images/Blue_Triangle.png"",""images/Blue_Triangle.png"",""images/Blue_Triangle.png"",""images/Blue_Triangle.png"",""images/Blue_Triangle.png""]","true","[[231,58],[163,6],[78,9],[14,66],[2,150],[48,223],[129,249],[208,217],[248,142]]","false",""
"visual-search-circle","81","2.2.0","176635","79227","visual_search_trial","513","","j","","","","","","","","","","null","red_circle","3","[""images/Red_Circle.png"",""images/Red_Circle.png"",""images/Red_Circle.png"",""images/Red_Circle.png"",""images/Red_Circle.png"",""images/Red_Circle.png""]","true","[[243,165],[219,42],[101,2],[6,84],[30,207],[148,247]]","false",""
"visual-search-circle","82","2.2.0","178724","79227","visual_search_trial","584","","j","","","","","","","","","","null","red_blue_mix","3","[""images/Red_Circle.png"",""images/Blue_Circle.png"",""images/Blue_Circle.png"",""images/Blue_Triangle.png"",""images/Blue_Triangle.png"",""images/Blue_Circle.png""]","true","[[153,3],[33,39],[5,161],[96,246],[216,210],[244,88]]","false",""
"visual-search-circle","83","2.2.0","180775","79227","visual_search_trial","546","","f","","","","","","","","","","null","red_circle","3","[""images/Red_Triangle.png"",""images/Red_Circle.png"",""images/Red_Circle.png"",""images/Red_Circle.png"",""images/Red_Circle.png"",""images/Red_Circle.png""]","true","[[11,177],[114,249],[227,196],[238,72],[135,0],[22,53]]","true",""
"visual-search-circle","84","2.2.0","182788","79227","visual_search_trial","509","","f","","","","","","","","","","null","red_blue_mix","3","[""images/Red_Triangle.png"",""images/Blue_Triangle.png"",""images/Blue_Triangle.png""]","true","[[247,148],[84,6],[42,219]]","true",""
"visual-search-circle","85","2.2.0","184768","79227","visual_search_trial","473","","f","","","","","","","","","","null","red_circle","3","[""images/Red_Triangle.png"",""images/Red_Circle.png"",""images/Red_Circle.png"",""images/Red_Circle.png"",""images/Red_Circle.png"",""images/Red_Circle.png"",""images/Red_Circle.png"",""images/Red_Circle.png"",""images/Red_Circle.png""]","true","[[231,58],[163,6],[78,9],[14,66],[2,150],[48,223],[129,249],[208,217],[248,142]]","true",""
"visual-search-circle","86","2.2.0","186720","79227","visual_search_trial","448","","f","","","","","","","","","","null","blue_triangle","3","[""images/Red_Triangle.png"",""images/Blue_Triangle.png"",""images/Blue_Triangle.png""]","true","[[22,53],[114,249],[238,72]]","true",""
"visual-search-circle","87","2.2.0","189197","79227","visual_search_trial","970","","f","","","","","","","","","","null","red_blue_mix","3","[""images/Red_Triangle.png"",""images/Red_Circle.png"",""images/Blue_Triangle.png"",""images/Blue_Circle.png"",""images/Blue_Circle.png"",""images/Blue_Triangle.png"",""images/Red_Circle.png"",""images/Blue_Triangle.png"",""images/Red_Circle.png""]","true","[[214,211],[249,133],[226,51],[155,3],[70,12],[10,74],[4,159],[55,228],[138,249]]","true",""
"html-keyboard-response","88","2.1.0","202276","79227","break","13077","<p>Great job so far! Please rest for a few seconds before continuing.</p>
                 <p>Press the <strong>Y</strong> key on your keyboard to continue.</p>","y","","","","","","","","","","","","","","","","","Y"
"visual-search-circle","89","2.2.0","204471","79227","visual_search_trial","690","","f","","","","","","","","","","null","red_circle","4","[""images/Red_Triangle.png"",""images/Red_Circle.png"",""images/Red_Circle.png"",""images/Red_Circle.png"",""images/Red_Circle.png"",""images/Red_Circle.png""]","true","[[114,0],[11,72],[22,196],[135,249],[238,177],[227,53]]","true",""
"visual-search-circle","90","2.2.0","206371","79227","visual_search_trial","394","","j","","","","","","","","","","null","blue_triangle","4","[""images/Blue_Triangle.png"",""images/Blue_Triangle.png"",""images/Blue_Triangle.png"",""images/Blue_Triangle.png"",""images/Blue_Triangle.png"",""images/Blue_Triangle.png"",""images/Blue_Triangle.png"",""images/Blue_Triangle.png"",""images/Blue_Triangle.png""]","true","[[148,247],[222,203],[249,122],[219,42],[144,1],[60,17],[6,84],[8,169],[64,234]]","false",""
"visual-search-circle","91","2.2.0","208854","79227","visual_search_trial","976","","f","","","","","","","","","","null","red_blue_mix","4","[""images/Red_Triangle.png"",""images/Red_Circle.png"",""images/Blue_Circle.png"",""images/Blue_Circle.png"",""images/Blue_Triangle.png"",""images/Blue_Circle.png"",""images/Blue_Circle.png"",""images/Red_Circle.png"",""images/Blue_Circle.png""]","true","[[0,127],[30,207],[105,248],[189,232],[243,165],[241,80],[185,15],[101,2],[27,46]]","true",""
"visual-search-circle","92","2.2.0","210583","79227","visual_search_trial","221","","j","","","","","","","","","","null","red_circle","4","[""images/Red_Circle.png"",""images/Red_Circle.png"",""images/Red_Circle.png"",""images/Red_Circle.png"",""images/Red_Circle.png"",""images/Red_Circle.png"",""images/Red_Circle.png"",""images/Red_Circle.png"",""images/Red_Circle.png""]","true","[[51,23],[3,94],[12,179],[74,239],[159,245],[228,194],[249,111],[211,35],[133,0]]","false",""
"visual-search-circle","93","2.2.0","212527","79227","visual_search_trial","439","","j","","","","","","","","","","null","blue_triangle","4","[""images/Blue_Triangle.png"",""images/Blue_Triangle.png"",""images/Blue_Triangle.png"",""images/Blue_Triangle.png"",""images/Blue_Triangle.png"",""images/Blue_Triangle.png""]","true","[[109,0],[9,76],[25,200],[140,249],[240,173],[224,49]]","false",""
"visual-search-circle","94","2.2.0","214579","79227","visual_search_trial","547","","j","","","","","","","","","","null","red_circle","4","[""images/Red_Circle.png"",""images/Red_Circle.png"",""images/Red_Circle.png"",""images/Red_Circle.png"",""images/Red_Circle.png"",""images/Red_Circle.png""]","true","[[193,229],[249,118],[181,13],[56,20],[0,131],[68,236]]","false",""
"visual-search-circle","95","2.2.0","216616","79227","visual_search_trial","532","","j","","","","","","","","","","null","red_blue_mix","4","[""images/Blue_Circle.png"",""images/Blue_Triangle.png"",""images/Blue_Circle.png"",""images/Red_Circle.png"",""images/Blue_Circle.png"",""images/Red_Circle.png""]","true","[[15,64],[17,189],[127,249],[234,185],[232,60],[122,0]]","false",""
"visual-search-circle","96","2.2.0","218639","79227","visual_search_trial","518","","f","","","","","","","","","","null","blue_triangle","4","[""images/Red_Triangle.png"",""images/Blue_Triangle.png"",""images/Blue_Triangle.png"",""images/Blue_Triangle.png"",""images/Blue_Triangle.png"",""images/Blue_Triangle.png""]","true","[[196,22],[72,11],[0,114],[53,227],[177,238],[249,135]]","true",""
"visual-search-circle","97","2.2.0","220729","79227","visual_search_trial","583","","j","","","","","","","","","","null","red_blue_mix","4","[""images/Blue_Triangle.png"",""images/Red_Circle.png"",""images/Blue_Circle.png"",""images/Blue_Triangle.png"",""images/Blue_Triangle.png"",""images/Blue_Circle.png"",""images/Blue_Circle.png"",""images/Red_Circle.png"",""images/Red_Circle.png""]","true","[[3,155],[51,226],[133,249],[211,214],[249,138],[228,55],[159,4],[74,10],[12,70]]","false",""
"visual-search-circle","98","2.2.0","222884","79227","visual_search_trial","649","","f","","","","","","","","","","null","red_circle","4","[""images/Red_Triangle.png"",""images/Red_Circle.png"",""images/Red_Circle.png"",""images/Red_Circle.png"",""images/Red_Circle.png"",""images/Red_Circle.png"",""images/Red_Circle.png"",""images/Red_Circle.png"",""images/Red_Circle.png""]","true","[[4,159],[55,228],[138,249],[214,211],[249,133],[226,51],[155,3],[70,12],[10,74]]","true",""
"visual-search-circle","99","2.2.0","224842","79227","visual_search_trial","450","","f","","","","","","","","","","null","blue_triangle","4","[""images/Red_Triangle.png"",""images/Blue_Triangle.png"",""images/Blue_Triangle.png"",""images/Blue_Triangle.png"",""images/Blue_Triangle.png"",""images/Blue_Triangle.png"",""images/Blue_Triangle.png"",""images/Blue_Triangle.png"",""images/Blue_Triangle.png""]","true","[[92,4],[22,53],[0,135],[36,213],[114,249],[196,227],[245,157],[238,72],[177,11]]","true",""
"visual-search-circle","100","2.2.0","226857","79227","visual_search_trial","510","","j","","","","","","","","","","null","red_circle","4","[""images/Red_Circle.png"",""images/Red_Circle.png"",""images/Red_Circle.png""]","true","[[16,62],[125,250],[233,62]]","false",""
"visual-search-circle","101","2.2.0","228971","79227","visual_search_trial","608","","f","","","","","","","","","","null","red_blue_mix","4","[""images/Red_Triangle.png"",""images/Blue_Circle.png"",""images/Blue_Circle.png"",""images/Blue_Triangle.png"",""images/Red_Circle.png"",""images/Blue_Circle.png""]","true","[[191,231],[249,120],[183,14],[58,18],[0,129],[66,235]]","true",""
"visual-search-circle","102","2.2.0","230899","79227","visual_search_trial","423","","j","","","","","","","","","","null","blue_triangle","4","[""images/Blue_Triangle.png"",""images/Blue_Triangle.png"",""images/Blue_Triangle.png""]","true","[[66,14],[58,231],[249,129]]","false",""
"visual-search-circle","103","2.2.0","232779","79227","visual_search_trial","375","","f","","","","","","","","","","null","red_circle","4","[""images/Red_Triangle.png"",""images/Red_Circle.png"",""images/Red_Circle.png""]","true","[[4,92],[157,245],[213,36]]","true",""
"visual-search-circle","104","2.2.0","234770","79227","visual_search_trial","487","","j","","","","","","","","","","null","red_blue_mix","4","[""images/Red_Circle.png"",""images/Blue_Circle.png"",""images/Blue_Triangle.png""]","true","[[203,222],[169,8],[1,144]]","false",""
"visual-search-circle","105","2.2.0","236574","79227","visual_search_trial","299","","f","","","","","","","","","","null","blue_triangle","4","[""images/Red_Triangle.png"",""images/Blue_Triangle.png"",""images/Blue_Triangle.png""]","true","[[189,232],[185,15],[0,127]]","true",""
"visual-search-circle","106","2.2.0","238639","79227","visual_search_trial","561","","f","","","","","","","","","","null","red_blue_mix","4","[""images/Red_Triangle.png"",""images/Blue_Circle.png"",""images/Blue_Triangle.png""]","true","[[120,0],[18,191],[235,183]]","true",""
"visual-search-circle","107","2.2.0","240640","79227","visual_search_trial","497","","f","","","","","","","","","","null","red_blue_mix","5","[""images/Red_Triangle.png"",""images/Blue_Triangle.png"",""images/Blue_Triangle.png"",""images/Red_Circle.png"",""images/Blue_Circle.png"",""images/Blue_Circle.png""]","true","[[26,201],[142,248],[240,171],[223,48],[107,1],[9,78]]","true",""
"visual-search-circle","108","2.2.0","242430","79227","visual_search_trial","284","","j","","","","","","","","","","null","blue_triangle","5","[""images/Red_Triangle.png"",""images/Blue_Triangle.png"",""images/Blue_Triangle.png""]","false","[[68,13],[56,229],[249,131]]","true",""
"visual-search-circle","109","2.2.0","244420","79227","visual_search_trial","485","","j","","","","","","","","","","null","red_circle","5","[""images/Red_Triangle.png"",""images/Red_Circle.png"",""images/Red_Circle.png"",""images/Red_Circle.png"",""images/Red_Circle.png"",""images/Red_Circle.png""]","false","[[205,220],[248,103],[167,7],[44,29],[1,146],[82,242]]","true",""
"visual-search-circle","110","2.2.0","246986","79227","visual_search_trial","1059","","j","","","","","","","","","","null","red_blue_mix","5","[""images/Blue_Circle.png"",""images/Blue_Triangle.png"",""images/Blue_Circle.png"",""images/Blue_Triangle.png"",""images/Blue_Circle.png"",""images/Blue_Circle.png"",""images/Blue_Triangle.png"",""images/Red_Circle.png"",""images/Red_Circle.png""]","true","[[246,96],[200,25],[118,0],[39,33],[0,109],[20,193],[88,244],[173,240],[236,181]]","false",""
"visual-search-circle","111","2.2.0","249011","79227","visual_search_trial","518","","f","","","","","","","","","","null","blue_triangle","5","[""images/Red_Triangle.png"",""images/Blue_Triangle.png"",""images/Blue_Triangle.png"",""images/Blue_Triangle.png"",""images/Blue_Triangle.png"",""images/Blue_Triangle.png"",""images/Blue_Triangle.png"",""images/Blue_Triangle.png"",""images/Blue_Triangle.png""]","true","[[249,109],[210,33],[131,0],[49,25],[3,96],[13,181],[76,240],[161,244],[229,193]]","true",""
"visual-search-circle","112","2.2.0","251022","79227","visual_search_trial","504","","f","","","","","","","","","","null","red_circle","5","[""images/Red_Triangle.png"",""images/Red_Circle.png"",""images/Red_Circle.png"",""images/Red_Circle.png"",""images/Red_Circle.png"",""images/Red_Circle.png"",""images/Red_Circle.png"",""images/Red_Circle.png"",""images/Red_Circle.png""]","true","[[0,114],[22,196],[92,245],[177,238],[238,177],[245,92],[196,22],[114,0],[36,36]]","true",""
"visual-search-circle","113","2.2.0","253137","79227","visual_search_trial","611","","j","","","","","","","","","","null","blue_triangle","5","[""images/Blue_Triangle.png"",""images/Blue_Triangle.png"",""images/Blue_Triangle.png""]","true","[[249,116],[55,21],[70,237]]","false",""
"visual-search-circle","114","2.2.0","255481","79227","visual_search_trial","839","","j","","","","","","","","","","null","red_blue_mix","5","[""images/Red_Circle.png"",""images/Blue_Circle.png"",""images/Blue_Circle.png""]","true","[[240,78],[26,48],[107,248]]","false",""
"visual-search-circle","115","2.2.0","257520","79227","visual_search_trial","531","","j","","","","","","","","","","null","red_circle","5","[""images/Red_Circle.png"",""images/Red_Circle.png"",""images/Red_Circle.png"",""images/Red_Circle.png"",""images/Red_Circle.png"",""images/Red_Circle.png"",""images/Red_Circle.png"",""images/Red_Circle.png"",""images/Red_Circle.png""]","true","[[208,217],[248,142],[231,58],[163,6],[78,9],[14,66],[2,150],[48,223],[129,249]]","false",""
"visual-search-circle","116","2.2.0","259486","79227","visual_search_trial","461","","f","","","","","","","","","","null","red_blue_mix","5","[""images/Red_Triangle.png"",""images/Blue_Triangle.png"",""images/Blue_Triangle.png""]","true","[[101,2],[30,207],[243,165]]","true",""
"visual-search-circle","117","2.2.0","261697","79227","visual_search_trial","705","","j","","","","","","","","","","null","blue_triangle","5","[""images/Blue_Triangle.png"",""images/Blue_Triangle.png"",""images/Blue_Triangle.png"",""images/Blue_Triangle.png"",""images/Blue_Triangle.png"",""images/Blue_Triangle.png"",""images/Blue_Triangle.png"",""images/Blue_Triangle.png"",""images/Blue_Triangle.png""]","true","[[242,82],[187,16],[103,1],[29,44],[0,125],[29,205],[103,248],[187,233],[242,167]]","false",""
"visual-search-circle","118","2.2.0","263919","79227","visual_search_trial","716","","j","","","","","","","","","","null","red_blue_mix","5","[""images/Blue_Triangle.png"",""images/Blue_Triangle.png"",""images/Red_Circle.png"",""images/Red_Circle.png"",""images/Blue_Circle.png"",""images/Blue_Circle.png""]","true","[[245,159],[214,38],[94,3],[4,90],[35,211],[155,246]]","false",""
"visual-search-circle","119","2.2.0","266020","79227","visual_search_trial","597","","f","","","","","","","","","","null","red_circle","5","[""images/Red_Triangle.png"",""images/Red_Circle.png"",""images/Red_Circle.png""]","true","[[3,153],[210,216],[161,5]]","true",""
"visual-search-circle","120","2.2.0","268330","79227","visual_search_trial","805","","j","","","","","","","","","","null","blue_triangle","5","[""images/Blue_Triangle.png"",""images/Blue_Triangle.png"",""images/Blue_Triangle.png"",""images/Blue_Triangle.png"",""images/Blue_Triangle.png"",""images/Blue_Triangle.png""]","true","[[17,189],[127,249],[234,185],[232,60],[122,0],[15,64]]","false",""
"visual-search-circle","121","2.2.0","270586","79227","visual_search_trial","748","","f","","","","","","","","","","null","red_blue_mix","5","[""images/Red_Triangle.png"",""images/Red_Circle.png"",""images/Red_Circle.png"",""images/Red_Circle.png"",""images/Red_Circle.png"",""images/Blue_Circle.png"",""images/Blue_Triangle.png"",""images/Blue_Triangle.png"",""images/Red_Circle.png""]","true","[[0,127],[30,207],[105,248],[189,232],[243,165],[241,80],[185,15],[101,2],[27,46]]","true",""
"visual-search-circle","122","2.2.0","272596","79227","visual_search_trial","503","","j","","","","","","","","","","null","red_circle","5","[""images/Red_Circle.png"",""images/Red_Circle.png"",""images/Red_Circle.png"",""images/Red_Circle.png"",""images/Red_Circle.png"",""images/Red_Circle.png""]","true","[[235,66],[129,0],[18,58],[14,183],[120,249],[231,191]]","false",""
"visual-search-circle","123","2.2.0","274810","79227","visual_search_trial","708","","f","","","","","","","","","","null","blue_triangle","5","[""images/Red_Triangle.png"",""images/Blue_Triangle.png"",""images/Blue_Triangle.png"",""images/Blue_Triangle.png"",""images/Blue_Triangle.png"",""images/Blue_Triangle.png""]","true","[[133,249],[237,179],[228,55],[116,0],[12,70],[21,194]]","true",""
"visual-search-circle","124","2.2.0","276768","79227","visual_search_trial","454","","j","","","","","","","","","","null","red_circle","5","[""images/Red_Circle.png"",""images/Red_Circle.png"",""images/Red_Circle.png""]","true","[[4,159],[214,211],[155,3]]","false",""
"html-keyboard-response","125","2.1.0","283438","79227","break","6668","<p>Great job so far! Please rest for a few seconds before continuing.</p>
                 <p>Press the <strong>H</strong> key on your keyboard to continue.</p>","h","","","","","","","","","","","","","","","","","H"
"visual-search-circle","126","2.2.0","285342","79227","visual_search_trial","400","","j","","","","","","","","","","null","blue_triangle","6","[""images/Blue_Triangle.png"",""images/Blue_Triangle.png"",""images/Blue_Triangle.png""]","true","[[142,1],[9,171],[223,201]]","false",""
"visual-search-circle","127","2.2.0","287356","79227","visual_search_trial","506","","f","","","","","","","","","","null","red_blue_mix","6","[""images/Red_Triangle.png"",""images/Red_Circle.png"",""images/Blue_Triangle.png"",""images/Blue_Triangle.png"",""images/Blue_Circle.png"",""images/Blue_Circle.png"",""images/Blue_Triangle.png"",""images/Blue_Triangle.png"",""images/Red_Circle.png""]","true","[[111,0],[35,38],[0,116],[23,198],[94,246],[179,237],[239,175],[245,90],[194,21]]","true",""
"visual-search-circle","128","2.2.0","289311","79227","visual_search_trial","449","","f","","","","","","","","","","null","red_circle","6","[""images/Red_Triangle.png"",""images/Red_Circle.png"",""images/Red_Circle.png"",""images/Red_Circle.png"",""images/Red_Circle.png"",""images/Red_Circle.png""]","true","[[179,237],[249,133],[194,21],[70,12],[0,116],[55,228]]","true",""
"visual-search-circle","129","2.2.0","291302","79227","visual_search_trial","485","","j","","","","","","","","","","null","red_blue_mix","6","[""images/Blue_Circle.png"",""images/Blue_Circle.png"",""images/Blue_Triangle.png"",""images/Blue_Triangle.png"",""images/Red_Circle.png"",""images/Red_Circle.png""]","true","[[244,88],[153,3],[33,39],[5,161],[96,246],[216,210]]","false",""
"visual-search-circle","130","2.2.0","293241","79227","visual_search_trial","434","","f","","","","","","","","","","null","red_circle","6","[""images/Red_Triangle.png"",""images/Red_Circle.png"",""images/Red_Circle.png""]","true","[[161,244],[210,33],[3,96]]","true",""
"visual-search-circle","131","2.2.0","295352","79227","visual_search_trial","606","","j","","","","","","","","","","null","red_blue_mix","6","[""images/Blue_Triangle.png"",""images/Red_Circle.png"",""images/Blue_Circle.png""]","true","[[249,135],[72,11],[53,227]]","false",""
"visual-search-circle","132","2.2.0","297454","79227","visual_search_trial","597","","f","","","","","","","","","","null","blue_triangle","6","[""images/Red_Triangle.png"",""images/Blue_Triangle.png"",""images/Blue_Triangle.png"",""images/Blue_Triangle.png"",""images/Blue_Triangle.png"",""images/Blue_Triangle.png""]","true","[[247,150],[208,32],[86,6],[2,99],[41,217],[163,243]]","true",""
"visual-search-circle","133","2.2.0","299368","79227","visual_search_trial","410","","j","","","","","","","","","","null","red_circle","6","[""images/Red_Circle.png"",""images/Red_Circle.png"",""images/Red_Circle.png""]","true","[[142,248],[223,48],[9,78]]","false",""
"visual-search-circle","134","2.2.0","301365","79227","visual_search_trial","493","","f","","","","","","","","","","null","red_blue_mix","6","[""images/Red_Triangle.png"",""images/Blue_Circle.png"",""images/Blue_Triangle.png""]","true","[[163,243],[208,32],[2,99]]","true",""
"visual-search-circle","135","2.2.0","303149","79227","visual_search_trial","278","","j","","","","","","","","","","null","red_circle","6","[""images/Red_Circle.png"",""images/Red_Circle.png"",""images/Red_Circle.png"",""images/Red_Circle.png"",""images/Red_Circle.png"",""images/Red_Circle.png"",""images/Red_Circle.png"",""images/Red_Circle.png"",""images/Red_Circle.png""]","true","[[96,3],[25,49],[0,131],[33,210],[109,249],[193,229],[244,161],[240,76],[181,13]]","false",""
"visual-search-circle","136","2.2.0","305080","79227","visual_search_trial","427","","f","","","","","","","","","","null","blue_triangle","6","[""images/Red_Triangle.png"",""images/Blue_Triangle.png"",""images/Blue_Triangle.png""]","true","[[0,125],[187,233],[187,16]]","true",""
"visual-search-circle","137","2.2.0","307193","79227","visual_search_trial","606","","j","","","","","","","","","","null","red_blue_mix","6","[""images/Blue_Triangle.png"",""images/Blue_Triangle.png"",""images/Blue_Triangle.png"",""images/Red_Circle.png"",""images/Blue_Triangle.png"",""images/Blue_Triangle.png"",""images/Blue_Circle.png"",""images/Blue_Circle.png"",""images/Blue_Triangle.png""]","true","[[82,242],[167,242],[233,187],[248,103],[205,29],[125,0],[44,29],[1,103],[16,187]]","false",""
"visual-search-circle","138","2.2.0","309085","79227","visual_search_trial","387","","j","","","","","","","","","","null","red_circle","6","[""images/Red_Circle.png"",""images/Red_Circle.png"",""images/Red_Circle.png"",""images/Red_Circle.png"",""images/Red_Circle.png"",""images/Red_Circle.png""]","true","[[224,200],[240,76],[140,0],[25,49],[9,173],[109,249]]","false",""
"visual-search-circle","139","2.2.0","311075","79227","visual_search_trial","482","","f","","","","","","","","","","null","blue_triangle","6","[""images/Red_Triangle.png"",""images/Blue_Triangle.png"",""images/Blue_Triangle.png"",""images/Blue_Triangle.png"",""images/Blue_Triangle.png"",""images/Blue_Triangle.png"",""images/Blue_Triangle.png"",""images/Blue_Triangle.png"",""images/Blue_Triangle.png""]","true","[[239,175],[245,90],[194,21],[111,0],[35,38],[0,116],[23,198],[94,246],[179,237]]","true",""
"visual-search-circle","140","2.2.0","313176","79227","visual_search_trial","594","","f","","","","","","","","","","null","red_circle","6","[""images/Red_Triangle.png"",""images/Red_Circle.png"",""images/Red_Circle.png"",""images/Red_Circle.png"",""images/Red_Circle.png"",""images/Red_Circle.png"",""images/Red_Circle.png"",""images/Red_Circle.png"",""images/Red_Circle.png""]","true","[[239,175],[245,90],[194,21],[111,0],[35,38],[0,116],[23,198],[94,246],[179,237]]","true",""
"visual-search-circle","141","2.2.0","315108","79227","visual_search_trial","425","","j","","","","","","","","","","null","blue_triangle","6","[""images/Blue_Triangle.png"",""images/Blue_Triangle.png"",""images/Blue_Triangle.png"",""images/Blue_Triangle.png"",""images/Blue_Triangle.png"",""images/Blue_Triangle.png"",""images/Blue_Triangle.png"",""images/Blue_Triangle.png"",""images/Blue_Triangle.png""]","true","[[29,205],[103,248],[187,233],[242,167],[242,82],[187,16],[103,1],[29,44],[0,124]]","false",""
"visual-search-circle","142","2.2.0","317104","79227","visual_search_trial","489","","f","","","","","","","","","","null","red_blue_mix","6","[""images/Red_Triangle.png"",""images/Blue_Circle.png"",""images/Blue_Triangle.png"",""images/Red_Circle.png"",""images/Blue_Triangle.png"",""images/Red_Circle.png""]","true","[[236,68],[131,0],[20,56],[13,181],[118,249],[229,193]]","true",""
"visual-search-circle","143","2.2.0","319067","79227","visual_search_trial","457","","j","","","","","","","","","","null","blue_triangle","6","[""images/Blue_Triangle.png"",""images/Blue_Triangle.png"",""images/Blue_Triangle.png"",""images/Blue_Triangle.png"",""images/Blue_Triangle.png"",""images/Blue_Triangle.png""]","true","[[189,232],[249,122],[185,15],[60,17],[0,127],[64,234]]","false",""
"visual-search-circle","144","2.2.0","320980","79227","visual_search_trial","405","","j","","","","","","","","","","null","blue_triangle","7","[""images/Blue_Triangle.png"",""images/Blue_Triangle.png"",""images/Blue_Triangle.png"",""images/Blue_Triangle.png"",""images/Blue_Triangle.png"",""images/Blue_Triangle.png"",""images/Blue_Triangle.png"",""images/Blue_Triangle.png"",""images/Blue_Triangle.png""]","true","[[249,129],[223,48],[150,2],[66,14],[9,78],[6,163],[58,231],[142,248],[217,208]]","false",""
"visual-search-circle","145","2.2.0","322914","79227","visual_search_trial","430","","f","","","","","","","","","","null","red_blue_mix","7","[""images/Red_Triangle.png"",""images/Blue_Triangle.png"",""images/Red_Circle.png""]","true","[[210,216],[161,5],[3,153]]","true",""
"visual-search-circle","146","2.2.0","324891","79227","visual_search_trial","472","","f","","","","","","","","","","null","red_circle","7","[""images/Red_Triangle.png"",""images/Red_Circle.png"",""images/Red_Circle.png""]","true","[[241,169],[105,1],[27,203]]","true",""
"visual-search-circle","147","2.2.0","326855","79227","visual_search_trial","458","","j","","","","","","","","","","null","blue_triangle","7","[""images/Blue_Triangle.png"",""images/Blue_Triangle.png"",""images/Blue_Triangle.png"",""images/Blue_Triangle.png"",""images/Blue_Triangle.png"",""images/Blue_Triangle.png""]","true","[[80,8],[1,105],[46,222],[169,241],[248,144],[203,27]]","false",""
"visual-search-circle","148","2.2.0","328957","79227","visual_search_trial","597","","j","","","","","","","","","","null","red_blue_mix","7","[""images/Blue_Triangle.png"",""images/Blue_Circle.png"",""images/Blue_Triangle.png""]","true","[[231,58],[14,66],[129,249]]","false",""
"visual-search-circle","149","2.2.0","330895","79227","visual_search_trial","433","","f","","","","","","","","","","null","red_circle","7","[""images/Red_Triangle.png"",""images/Red_Circle.png"",""images/Red_Circle.png"",""images/Red_Circle.png"",""images/Red_Circle.png"",""images/Red_Circle.png""]","true","[[20,56],[13,181],[118,249],[229,193],[236,68],[131,0]]","true",""
"visual-search-circle","150","2.2.0","332913","79227","visual_search_trial","513","","j","","","","","","","","","","null","red_blue_mix","7","[""images/Blue_Triangle.png"",""images/Red_Circle.png"",""images/Blue_Triangle.png"",""images/Blue_Circle.png"",""images/Blue_Triangle.png"",""images/Blue_Triangle.png""]","true","[[125,250],[233,187],[233,62],[125,0],[16,62],[16,187]]","false",""
"visual-search-circle","151","2.2.0","334791","79227","visual_search_trial","373","","f","","","","","","","","","","null","blue_triangle","7","[""images/Red_Triangle.png"",""images/Blue_Triangle.png"",""images/Blue_Triangle.png"",""images/Blue_Triangle.png"",""images/Blue_Triangle.png"",""images/Blue_Triangle.png""]","true","[[66,14],[0,120],[58,231],[183,235],[249,129],[191,18]]","true",""
"visual-search-circle","152","2.2.0","337021","79227","visual_search_trial","726","","f","","","","","","","","","","null","red_blue_mix","7","[""images/Red_Triangle.png"",""images/Blue_Triangle.png"",""images/Blue_Triangle.png"",""images/Blue_Circle.png"",""images/Blue_Circle.png"",""images/Blue_Circle.png""]","true","[[3,153],[88,244],[210,216],[246,96],[161,5],[39,33]]","true",""
"visual-search-circle","153","2.2.0","338985","79227","visual_search_trial","460","","j","","","","","","","","","","null","blue_triangle","7","[""images/Blue_Triangle.png"",""images/Blue_Triangle.png"",""images/Blue_Triangle.png""]","true","[[99,2],[32,208],[243,163]]","false",""
"visual-search-circle","154","2.2.0","342736","79227","visual_search_trial","2244","","f","","","","","","","","","","null","red_blue_mix","7","[""images/Red_Triangle.png"",""images/Blue_Triangle.png"",""images/Blue_Triangle.png"",""images/Red_Circle.png"",""images/Red_Circle.png"",""images/Blue_Circle.png"",""images/Blue_Circle.png"",""images/Blue_Triangle.png"",""images/Blue_Circle.png""]","true","[[249,114],[213,36],[135,0],[53,22],[4,92],[11,177],[72,238],[157,245],[227,196]]","true",""
"visual-search-circle","155","2.2.0","344695","79227","visual_search_trial","451","","j","","","","","","","","","","null","red_circle","7","[""images/Red_Triangle.png"",""images/Red_Circle.png"",""images/Red_Circle.png"",""images/Red_Circle.png"",""images/Red_Circle.png"",""images/Red_Circle.png"",""images/Red_Circle.png"",""images/Red_Circle.png"",""images/Red_Circle.png""]","false","[[205,29],[125,0],[44,29],[1,103],[16,187],[82,242],[167,242],[233,187],[248,103]]","true",""
"visual-search-circle","156","2.2.0","347124","79227","visual_search_trial","925","","f","","","","","","","","","","null","blue_triangle","7","[""images/Red_Triangle.png"",""images/Blue_Triangle.png"",""images/Blue_Triangle.png""]","true","[[6,163],[217,208],[150,2]]","true",""
"visual-search-circle","157","2.2.0","349037","79227","visual_search_trial","408","","j","","","","","","","","","","null","red_circle","7","[""images/Red_Circle.png"",""images/Red_Circle.png"",""images/Red_Circle.png"",""images/Red_Circle.png"",""images/Red_Circle.png"",""images/Red_Circle.png""]","true","[[2,150],[86,243],[208,217],[247,99],[163,6],[41,32]]","false",""
"visual-search-circle","158","2.2.0","351253","79227","visual_search_trial","709","","j","","","","","","","","","","null","red_blue_mix","7","[""images/Blue_Circle.png"",""images/Red_Circle.png"",""images/Blue_Triangle.png"",""images/Blue_Triangle.png"",""images/Red_Circle.png"",""images/Red_Circle.png"",""images/Blue_Triangle.png"",""images/Red_Circle.png"",""images/Blue_Triangle.png""]","true","[[22,53],[0,135],[36,213],[114,249],[196,227],[245,157],[238,72],[177,11],[92,4]]","false",""
"visual-search-circle","159","2.2.0","353234","79227","visual_search_trial","475","","j","","","","","","","","","","null","red_circle","7","[""images/Red_Circle.png"",""images/Red_Circle.png"",""images/Red_Circle.png"",""images/Red_Circle.png"",""images/Red_Circle.png"",""images/Red_Circle.png"",""images/Red_Circle.png"",""images/Red_Circle.png"",""images/Red_Circle.png""]","true","[[105,248],[189,232],[243,165],[241,80],[185,15],[101,2],[27,46],[0,127],[30,207]]","false",""
"visual-search-circle","160","2.2.0","355175","79227","visual_search_trial","435","","f","","","","","","","","","","null","blue_triangle","7","[""images/Red_Triangle.png"",""images/Blue_Triangle.png"",""images/Blue_Triangle.png"",""images/Blue_Triangle.png"",""images/Blue_Triangle.png"",""images/Blue_Triangle.png"",""images/Blue_Triangle.png"",""images/Blue_Triangle.png"",""images/Blue_Triangle.png""]","true","[[194,228],[245,159],[239,74],[179,12],[94,3],[23,51],[0,133],[35,211],[111,249]]","true",""
"visual-search-circle","161","2.2.0","357131","79227","visual_search_trial","451","","j","","","","","","","","","","null","red_circle","7","[""images/Red_Circle.png"",""images/Red_Circle.png"",""images/Red_Circle.png""]","true","[[72,238],[249,114],[53,22]]","false",""
"html-keyboard-response","162","2.1.0","360993","79227","break","3860","<p>Great job so far! Please rest for a few seconds before continuing.</p>
                 <p>Press the <strong>A</strong> key on your keyboard to continue.</p>","a","","","","","","","","","","","","","","","","","A"
"visual-search-circle","163","2.2.0","363036","79227","visual_search_trial","536","","f","","","","","","","","","","null","blue_triangle","8","[""images/Red_Triangle.png"",""images/Blue_Triangle.png"",""images/Blue_Triangle.png"",""images/Blue_Triangle.png"",""images/Blue_Triangle.png"",""images/Blue_Triangle.png"",""images/Blue_Triangle.png"",""images/Blue_Triangle.png"",""images/Blue_Triangle.png""]","true","[[201,26],[120,0],[41,32],[1,107],[18,191],[86,243],[171,240],[235,183],[247,99]]","true",""
"visual-search-circle","164","2.2.0","364885","79227","visual_search_trial","345","","j","","","","","","","","","","null","red_circle","8","[""images/Red_Circle.png"",""images/Red_Circle.png"",""images/Red_Circle.png""]","true","[[205,29],[1,103],[167,242]]","false",""
"visual-search-circle","165","2.2.0","366785","79227","visual_search_trial","393","","j","","","","","","","","","","null","blue_triangle","8","[""images/Blue_Triangle.png"",""images/Blue_Triangle.png"",""images/Blue_Triangle.png"",""images/Blue_Triangle.png"",""images/Blue_Triangle.png"",""images/Blue_Triangle.png"",""images/Blue_Triangle.png"",""images/Blue_Triangle.png"",""images/Blue_Triangle.png""]","true","[[76,9],[13,68],[3,153],[49,224],[131,249],[210,216],[249,140],[229,56],[161,5]]","false",""
"visual-search-circle","166","2.2.0","368785","79227","visual_search_trial","495","","f","","","","","","","","","","null","red_blue_mix","8","[""images/Red_Triangle.png"",""images/Blue_Circle.png"",""images/Red_Circle.png""]","true","[[125,250],[233,62],[16,62]]","true",""
"visual-search-circle","167","2.2.0","370736","79227","visual_search_trial","444","","j","","","","","","","","","","null","red_circle","8","[""images/Red_Circle.png"",""images/Red_Circle.png"",""images/Red_Circle.png"",""images/Red_Circle.png"",""images/Red_Circle.png"",""images/Red_Circle.png"",""images/Red_Circle.png"",""images/Red_Circle.png"",""images/Red_Circle.png""]","true","[[140,249],[216,210],[249,131],[224,49],[153,3],[68,13],[9,76],[5,161],[56,229]]","false",""
"visual-search-circle","168","2.2.0","372850","79227","visual_search_trial","608","","j","","","","","","","","","","null","red_blue_mix","8","[""images/Blue_Triangle.png"",""images/Red_Circle.png"",""images/Blue_Triangle.png"",""images/Red_Circle.png"",""images/Blue_Circle.png"",""images/Red_Circle.png"",""images/Red_Circle.png"",""images/Blue_Circle.png"",""images/Blue_Triangle.png""]","true","[[80,241],[165,243],[232,189],[248,105],[207,30],[127,0],[46,27],[2,101],[15,185]]","false",""
"visual-search-circle","169","2.2.0","374744","79227","visual_search_trial","387","","f","","","","","","","","","","null","red_circle","8","[""images/Red_Triangle.png"",""images/Red_Circle.png"",""images/Red_Circle.png"",""images/Red_Circle.png"",""images/Red_Circle.png"",""images/Red_Circle.png"",""images/Red_Circle.png"",""images/Red_Circle.png"",""images/Red_Circle.png""]","true","[[118,0],[39,33],[0,109],[20,193],[88,244],[173,240],[236,181],[246,96],[200,25]]","true",""
"visual-search-circle","170","2.2.0","376983","79227","visual_search_trial","732","","f","","","","","","","","","","null","red_blue_mix","8","[""images/Red_Triangle.png"",""images/Blue_Triangle.png"",""images/Red_Circle.png"",""images/Blue_Circle.png"",""images/Blue_Triangle.png"",""images/Blue_Triangle.png"",""images/Red_Circle.png"",""images/Red_Circle.png"",""images/Red_Circle.png""]","true","[[127,0],[46,27],[2,101],[15,185],[80,241],[165,243],[232,189],[248,105],[207,30]]","true",""
"visual-search-circle","171","2.2.0","378802","79227","visual_search_trial","314","","j","","","","","","","","","","null","blue_triangle","8","[""images/Blue_Triangle.png"",""images/Blue_Triangle.png"",""images/Blue_Triangle.png"",""images/Blue_Triangle.png"",""images/Blue_Triangle.png"",""images/Blue_Triangle.png""]","true","[[11,177],[114,249],[227,196],[238,72],[135,0],[22,53]]","false",""
"visual-search-circle","172","2.2.0","380870","79227","visual_search_trial","562","","j","","","","","","","","","","null","red_circle","8","[""images/Red_Circle.png"",""images/Red_Circle.png"",""images/Red_Circle.png"",""images/Red_Circle.png"",""images/Red_Circle.png"",""images/Red_Circle.png""]","true","[[21,194],[133,249],[237,179],[228,55],[116,0],[12,70]]","false",""
"visual-search-circle","173","2.2.0","382839","79227","visual_search_trial","464","","f","","","","","","","","","","null","blue_triangle","8","[""images/Red_Triangle.png"",""images/Blue_Triangle.png"",""images/Blue_Triangle.png""]","true","[[18,191],[235,183],[120,0]]","true",""
"visual-search-circle","174","2.2.0","384864","79227","visual_search_trial","519","","f","","","","","","","","","","null","red_blue_mix","8","[""images/Red_Triangle.png"",""images/Blue_Circle.png"",""images/Blue_Triangle.png"",""images/Red_Circle.png"",""images/Blue_Circle.png"",""images/Blue_Triangle.png""]","true","[[60,232],[185,234],[249,127],[189,17],[64,15],[0,122]]","true",""
"visual-search-circle","175","2.2.0","386877","79227","visual_search_trial","509","","f","","","","","","","","","","null","red_circle","8","[""images/Red_Triangle.png"",""images/Red_Circle.png"",""images/Red_Circle.png""]","true","[[35,38],[94,246],[245,90]]","true",""
"visual-search-circle","176","2.2.0","388819","79227","visual_search_trial","437","","f","","","","","","","","","","null","blue_triangle","8","[""images/Red_Triangle.png"",""images/Blue_Triangle.png"",""images/Blue_Triangle.png"",""images/Blue_Triangle.png"",""images/Blue_Triangle.png"",""images/Blue_Triangle.png""]","true","[[196,22],[72,11],[0,114],[53,227],[177,238],[249,135]]","true",""
"visual-search-circle","177","2.2.0","390848","79227","visual_search_trial","524","","j","","","","","","","","","","null","red_blue_mix","8","[""images/Blue_Circle.png"",""images/Red_Circle.png"",""images/Blue_Circle.png""]","true","[[41,32],[86,243],[247,99]]","false",""
"visual-search-circle","178","2.2.0","392844","79227","visual_search_trial","492","","j","","","","","","","","","","null","blue_triangle","8","[""images/Blue_Triangle.png"",""images/Blue_Triangle.png"",""images/Blue_Triangle.png""]","true","[[217,208],[150,2],[6,163]]","false",""
"visual-search-circle","179","2.2.0","394790","79227","visual_search_trial","442","","f","","","","","","","","","","null","red_circle","8","[""images/Red_Triangle.png"",""images/Red_Circle.png"",""images/Red_Circle.png"",""images/Red_Circle.png"",""images/Red_Circle.png"",""images/Red_Circle.png""]","true","[[20,193],[131,249],[236,181],[229,56],[118,0],[13,68]]","true",""
"visual-search-circle","180","2.2.0","396844","79227","visual_search_trial","548","","j","","","","","","","","","","null","red_blue_mix","8","[""images/Blue_Circle.png"",""images/Blue_Triangle.png"",""images/Red_Circle.png"",""images/Red_Circle.png"",""images/Red_Circle.png"",""images/Blue_Circle.png""]","true","[[122,249],[232,189],[234,64],[127,0],[17,60],[15,185]]","false",""
"visual-search-circle","181","2.2.0","398835","79227","visual_search_trial","487","","j","","","","","","","","","","null","red_blue_mix","9","[""images/Red_Circle.png"",""images/Red_Circle.png"",""images/Red_Circle.png""]","true","[[196,22],[0,114],[177,238]]","false",""
"visual-search-circle","182","2.2.0","400667","79227","visual_search_trial","326","","j","","","","","","","","","","null","blue_triangle","9","[""images/Blue_Triangle.png"",""images/Blue_Triangle.png"",""images/Blue_Triangle.png"",""images/Blue_Triangle.png"",""images/Blue_Triangle.png"",""images/Blue_Triangle.png"",""images/Blue_Triangle.png"",""images/Blue_Triangle.png"",""images/Blue_Triangle.png""]","true","[[249,111],[211,35],[133,0],[51,23],[3,94],[12,179],[74,239],[159,245],[228,194]]","false",""
"visual-search-circle","183","2.2.0","402633","79227","visual_search_trial","461","","j","","","","","","","","","","null","red_circle","9","[""images/Red_Circle.png"",""images/Red_Circle.png"",""images/Red_Circle.png"",""images/Red_Circle.png"",""images/Red_Circle.png"",""images/Red_Circle.png""]","true","[[194,228],[249,116],[179,12],[55,21],[0,133],[70,237]]","false",""
"visual-search-circle","184","2.2.0","404983","79227","visual_search_trial","845","","f","","","","","","","","","","null","blue_triangle","9","[""images/Red_Triangle.png"",""images/Blue_Triangle.png"",""images/Blue_Triangle.png""]","true","[[120,249],[235,66],[18,58]]","true",""
"visual-search-circle","185","2.2.0","407371","79227","visual_search_trial","884","","f","","","","","","","","","","null","red_circle","9","[""images/Red_Triangle.png"",""images/Red_Circle.png"",""images/Red_Circle.png""]","true","[[14,183],[231,191],[129,0]]","true",""
"visual-search-circle","186","2.2.0","409400","79227","visual_search_trial","524","","j","","","","","","","","","","null","blue_triangle","9","[""images/Blue_Triangle.png"",""images/Blue_Triangle.png"",""images/Blue_Triangle.png"",""images/Blue_Triangle.png"",""images/Blue_Triangle.png"",""images/Blue_Triangle.png""]","true","[[0,120],[58,231],[183,235],[249,129],[191,18],[66,14]]","false",""
"visual-search-circle","187","2.2.0","411493","79227","visual_search_trial","588","","j","","","","","","","","","","null","red_blue_mix","9","[""images/Blue_Circle.png"",""images/Blue_Triangle.png"",""images/Blue_Triangle.png"",""images/Red_Circle.png"",""images/Blue_Circle.png"",""images/Red_Circle.png""]","true","[[193,20],[68,13],[0,118],[56,229],[181,236],[249,131]]","false",""
"visual-search-circle","188","2.2.0","413534","79227","visual_search_trial","534","","f","","","","","","","","","","null","blue_triangle","9","[""images/Red_Triangle.png"",""images/Blue_Triangle.png"",""images/Blue_Triangle.png"",""images/Blue_Triangle.png"",""images/Blue_Triangle.png"",""images/Blue_Triangle.png"",""images/Blue_Triangle.png"",""images/Blue_Triangle.png"",""images/Blue_Triangle.png""]","true","[[120,249],[201,223],[247,150],[235,66],[171,9],[86,6],[18,58],[1,142],[41,217]]","true",""
"visual-search-circle","189","2.2.0","415582","79227","visual_search_trial","542","","j","","","","","","","","","","null","red_blue_mix","9","[""images/Blue_Circle.png"",""images/Red_Circle.png"",""images/Blue_Circle.png"",""images/Blue_Triangle.png"",""images/Blue_Circle.png"",""images/Red_Circle.png"",""images/Red_Circle.png"",""images/Blue_Circle.png"",""images/Blue_Circle.png""]","true","[[177,11],[92,4],[22,53],[0,135],[36,213],[114,249],[196,227],[245,157],[238,72]]","false",""
"visual-search-circle","190","2.2.0","417543","79227","visual_search_trial","454","","f","","","","","","","","","","null","red_circle","9","[""images/Red_Triangle.png"",""images/Red_Circle.png"",""images/Red_Circle.png"",""images/Red_Circle.png"",""images/Red_Circle.png"",""images/Red_Circle.png"",""images/Red_Circle.png"",""images/Red_Circle.png"",""images/Red_Circle.png""]","true","[[96,246],[181,236],[240,173],[244,88],[193,20],[109,0],[33,39],[0,118],[25,200]]","true",""
"visual-search-circle","191","2.2.0","420028","79227","visual_search_trial","979","","j","","","","","","","","","","null","blue_triangle","9","[""images/Red_Triangle.png"",""images/Blue_Triangle.png"",""images/Blue_Triangle.png"",""images/Blue_Triangle.png"",""images/Blue_Triangle.png"",""images/Blue_Triangle.png""]","false","[[84,243],[207,219],[247,101],[165,6],[42,30],[2,148]]","true",""
"visual-search-circle","192","2.2.0","421963","79227","visual_search_trial","428","","f","","","","","","","","","","null","red_circle","9","[""images/Red_Circle.png"",""images/Red_Circle.png"",""images/Red_Circle.png"",""images/Red_Circle.png"",""images/Red_Circle.png"",""images/Red_Circle.png"",""images/Red_Circle.png"",""images/Red_Circle.png"",""images/Red_Circle.png""]","false","[[68,13],[9,76],[5,161],[56,229],[140,249],[216,210],[249,131],[224,49],[153,3]]","false",""
"visual-search-circle","193","2.2.0","423884","79227","visual_search_trial","416","","f","","","","","","","","","","null","red_blue_mix","9","[""images/Red_Triangle.png"",""images/Blue_Circle.png"",""images/Blue_Triangle.png""]","true","[[76,240],[249,109],[49,25]]","true",""
"visual-search-circle","194","2.2.0","425982","79227","visual_search_trial","593","","j","","","","","","","","","","null","blue_triangle","9","[""images/Blue_Triangle.png"",""images/Blue_Triangle.png"",""images/Blue_Triangle.png""]","true","[[210,33],[3,96],[161,244]]","false",""
"visual-search-circle","195","2.2.0","427908","79227","visual_search_trial","421","","f","","","","","","","","","","null","red_blue_mix","9","[""images/Red_Triangle.png"",""images/Red_Circle.png"",""images/Blue_Circle.png"",""images/Blue_Circle.png"",""images/Blue_Triangle.png"",""images/Red_Circle.png""]","true","[[0,129],[66,235],[191,231],[249,120],[183,14],[58,18]]","true",""
"visual-search-circle","196","2.2.0","429991","79227","visual_search_trial","578","","f","","","","","","","","","","null","red_circle","9","[""images/Red_Triangle.png"",""images/Red_Circle.png"",""images/Red_Circle.png"",""images/Red_Circle.png"",""images/Red_Circle.png"",""images/Red_Circle.png""]","true","[[20,56],[13,181],[118,249],[229,193],[236,68],[131,0]]","true",""
"visual-search-circle","197","2.2.0","431989","79227","visual_search_trial","491","","f","","","","","","","","","","null","red_blue_mix","9","[""images/Red_Triangle.png"",""images/Red_Circle.png"",""images/Red_Circle.png"",""images/Blue_Circle.png"",""images/Blue_Triangle.png"",""images/Blue_Triangle.png"",""images/Blue_Circle.png"",""images/Red_Circle.png"",""images/Blue_Circle.png""]","true","[[21,194],[90,245],[175,239],[237,179],[246,94],[198,23],[116,0],[38,35],[0,111]]","true",""
"visual-search-circle","198","2.2.0","433994","79227","visual_search_trial","500","","j","","","","","","","","","","null","red_circle","9","[""images/Red_Circle.png"",""images/Red_Circle.png"",""images/Red_Circle.png""]","true","[[241,169],[105,1],[27,203]]","false",""
"html-keyboard-response","199","2.1.0","435420","79227","break","1424","<p>Great job so far! Please rest for a few seconds before continuing.</p>
                 <p>Press the <strong>X</strong> key on your keyboard to continue.</p>","x","","","","","","","","","","","","","","","","","X"
"visual-search-circle","200","2.2.0","437855","79227","visual_search_trial","930","","f","","","","","","","","","","null","red_blue_mix","10","[""images/Red_Triangle.png"",""images/Blue_Circle.png"",""images/Blue_Triangle.png"",""images/Blue_Triangle.png"",""images/Red_Circle.png"",""images/Blue_Circle.png""]","true","[[133,249],[237,179],[228,55],[116,0],[12,70],[21,194]]","true",""
"visual-search-circle","201","2.2.0","440084","79227","visual_search_trial","724","","f","","","","","","","","","","null","red_circle","10","[""images/Red_Triangle.png"",""images/Red_Circle.png"",""images/Red_Circle.png""]","true","[[116,249],[237,70],[21,55]]","true",""
"visual-search-circle","202","2.2.0","442042","79227","visual_search_trial","454","","f","","","","","","","","","","null","blue_triangle","10","[""images/Red_Triangle.png"",""images/Blue_Triangle.png"",""images/Blue_Triangle.png""]","true","[[245,90],[35,38],[94,246]]","true",""
"visual-search-circle","203","2.2.0","443946","79227","visual_search_trial","399","","j","","","","","","","","","","null","red_circle","10","[""images/Red_Circle.png"",""images/Red_Circle.png"",""images/Red_Circle.png""]","true","[[118,0],[20,193],[236,181]]","false",""
"visual-search-circle","204","2.2.0","446040","79227","visual_search_trial","588","","j","","","","","","","","","","null","red_blue_mix","10","[""images/Red_Circle.png"",""images/Blue_Triangle.png"",""images/Blue_Triangle.png"",""images/Blue_Triangle.png"",""images/Blue_Circle.png"",""images/Blue_Circle.png"",""images/Blue_Triangle.png"",""images/Red_Circle.png"",""images/Blue_Circle.png""]","true","[[8,80],[6,165],[60,232],[144,248],[219,207],[249,127],[222,46],[148,2],[64,15]]","false",""
"visual-search-circle","205","2.2.0","448046","79227","visual_search_trial","500","","f","","","","","","","","","","null","blue_triangle","10","[""images/Red_Triangle.png"",""images/Blue_Triangle.png"",""images/Blue_Triangle.png"",""images/Blue_Triangle.png"",""images/Blue_Triangle.png"",""images/Blue_Triangle.png""]","true","[[53,227],[177,238],[249,135],[196,22],[72,11],[0,114]]","true",""
"visual-search-circle","206","2.2.0","450025","79227","visual_search_trial","474","","f","","","","","","","","","","null","red_circle","10","[""images/Red_Triangle.png"",""images/Red_Circle.png"",""images/Red_Circle.png"",""images/Red_Circle.png"",""images/Red_Circle.png"",""images/Red_Circle.png""]","true","[[155,3],[35,38],[4,159],[94,246],[214,211],[245,90]]","true",""
"visual-search-circle","207","2.2.0","452096","79227","visual_search_trial","567","","f","","","","","","","","","","null","red_blue_mix","10","[""images/Red_Triangle.png"",""images/Blue_Circle.png"",""images/Red_Circle.png""]","true","[[171,9],[1,142],[201,223]]","true",""
"visual-search-circle","208","2.2.0","454151","79227","visual_search_trial","549","","j","","","","","","","","","","null","blue_triangle","10","[""images/Blue_Triangle.png"",""images/Blue_Triangle.png"",""images/Blue_Triangle.png"",""images/Blue_Triangle.png"",""images/Blue_Triangle.png"",""images/Blue_Triangle.png"",""images/Blue_Triangle.png"",""images/Blue_Triangle.png"",""images/Blue_Triangle.png""]","true","[[183,14],[99,2],[26,48],[0,129],[32,208],[107,248],[191,231],[243,163],[240,78]]","false",""
"visual-search-circle","209","2.2.0","456907","79227","visual_search_trial","1251","","j","","","","","","","","","","null","red_circle","10","[""images/Red_Circle.png"",""images/Red_Circle.png"",""images/Red_Circle.png"",""images/Red_Circle.png"",""images/Red_Circle.png"",""images/Red_Circle.png""]","true","[[127,0],[17,60],[15,185],[122,249],[232,189],[234,64]]","false",""
"visual-search-circle","210","2.2.0","458888","79227","visual_search_trial","474","","f","","","","","","","","","","null","blue_triangle","10","[""images/Red_Triangle.png"",""images/Blue_Triangle.png"",""images/Blue_Triangle.png"",""images/Blue_Triangle.png"",""images/Blue_Triangle.png"",""images/Blue_Triangle.png"",""images/Blue_Triangle.png"",""images/Blue_Triangle.png"",""images/Blue_Triangle.png""]","true","[[3,94],[12,179],[74,239],[159,245],[228,194],[249,111],[211,35],[133,0],[51,23]]","true",""
"visual-search-circle","211","2.2.0","460847","79227","visual_search_trial","455","","j","","","","","","","","","","null","red_blue_mix","10","[""images/Blue_Triangle.png"",""images/Red_Circle.png"",""images/Blue_Triangle.png""]","true","[[6,165],[219,207],[148,2]]","false",""
"visual-search-circle","212","2.2.0","462955","79227","visual_search_trial","601","","j","","","","","","","","","","null","red_circle","10","[""images/Red_Circle.png"",""images/Red_Circle.png"",""images/Red_Circle.png"",""images/Red_Circle.png"",""images/Red_Circle.png"",""images/Red_Circle.png"",""images/Red_Circle.png"",""images/Red_Circle.png"",""images/Red_Circle.png""]","true","[[214,38],[138,0],[55,21],[4,90],[10,175],[70,237],[155,246],[226,198],[249,116]]","false",""
"visual-search-circle","213","2.2.0","465004","79227","visual_search_trial","544","","j","","","","","","","","","","null","blue_triangle","10","[""images/Blue_Triangle.png"",""images/Blue_Triangle.png"",""images/Blue_Triangle.png"",""images/Blue_Triangle.png"",""images/Blue_Triangle.png"",""images/Blue_Triangle.png""]","true","[[243,86],[150,2],[32,41],[6,163],[99,247],[217,208]]","false",""
"visual-search-circle","214","2.2.0","466915","79227","visual_search_trial","406","","j","","","","","","","","","","null","red_blue_mix","10","[""images/Red_Circle.png"",""images/Blue_Circle.png"",""images/Red_Circle.png"",""images/Blue_Circle.png"",""images/Blue_Circle.png"",""images/Red_Circle.png""]","true","[[86,243],[208,217],[247,99],[163,6],[41,32],[2,150]]","false",""
"visual-search-circle","215","2.2.0","468939","79227","visual_search_trial","517","","f","","","","","","","","","","null","red_circle","10","[""images/Red_Triangle.png"",""images/Red_Circle.png"",""images/Red_Circle.png"",""images/Red_Circle.png"",""images/Red_Circle.png"",""images/Red_Circle.png"",""images/Red_Circle.png"",""images/Red_Circle.png"",""images/Red_Circle.png""]","true","[[116,0],[38,35],[0,111],[21,194],[90,245],[175,239],[237,179],[246,94],[198,23]]","true",""
"visual-search-circle","216","2.2.0","471063","79227","visual_search_trial","620","","j","","","","","","","","","","null","blue_triangle","10","[""images/Blue_Triangle.png"",""images/Blue_Triangle.png"",""images/Blue_Triangle.png""]","true","[[191,18],[0,120],[183,235]]","false",""
"visual-search-circle","217","2.2.0","473045","79227","visual_search_trial","475","","f","","","","","","","","","","null","red_blue_mix","10","[""images/Red_Triangle.png"",""images/Blue_Triangle.png"",""images/Blue_Triangle.png"",""images/Blue_Triangle.png"",""images/Blue_Circle.png"",""images/Blue_Triangle.png"",""images/Red_Circle.png"",""images/Blue_Circle.png"",""images/Blue_Circle.png""]","true","[[227,53],[157,4],[72,11],[11,72],[4,157],[53,227],[135,249],[213,213],[249,135]]","true",""
"visual-search-circle","218","2.2.0","474946","79227","visual_search_trial","397","","j","","","","","","","","","","null","blue_triangle","11","[""images/Blue_Triangle.png"",""images/Blue_Triangle.png"",""images/Blue_Triangle.png"",""images/Blue_Triangle.png"",""images/Blue_Triangle.png"",""images/Blue_Triangle.png""]","true","[[46,222],[169,241],[248,144],[203,27],[80,8],[1,105]]","false",""
"visual-search-circle","219","2.2.0","476925","79227","visual_search_trial","475","","f","","","","","","","","","","null","red_blue_mix","11","[""images/Red_Triangle.png"",""images/Blue_Circle.png"",""images/Blue_Circle.png"",""images/Red_Circle.png"",""images/Blue_Circle.png"",""images/Red_Circle.png""]","true","[[183,14],[58,18],[0,129],[66,235],[191,231],[249,120]]","true",""
"visual-search-circle","220","2.2.0","479272","79227","visual_search_trial","841","","f","","","","","","","","","","null","blue_triangle","11","[""images/Red_Triangle.png"",""images/Blue_Triangle.png"",""images/Blue_Triangle.png"",""images/Blue_Triangle.png"",""images/Blue_Triangle.png"",""images/Blue_Triangle.png"",""images/Blue_Triangle.png"",""images/Blue_Triangle.png"",""images/Blue_Triangle.png""]","true","[[159,245],[228,194],[249,111],[211,35],[133,0],[51,23],[3,94],[12,179],[74,239]]","true",""
"visual-search-circle","221","2.2.0","481314","79227","visual_search_trial","535","","f","","","","","","","","","","null","red_circle","11","[""images/Red_Triangle.png"",""images/Red_Circle.png"",""images/Red_Circle.png"",""images/Red_Circle.png"",""images/Red_Circle.png"",""images/Red_Circle.png"",""images/Red_Circle.png"",""images/Red_Circle.png"",""images/Red_Circle.png""]","true","[[208,217],[248,142],[231,58],[163,6],[78,9],[14,66],[2,150],[48,223],[129,249]]","true",""
"visual-search-circle","222","2.2.0","483224","79227","visual_search_trial","405","","j","","","","","","","","","","null","blue_triangle","11","[""images/Blue_Triangle.png"",""images/Blue_Triangle.png"",""images/Blue_Triangle.png""]","true","[[165,243],[207,30],[2,101]]","false",""
"visual-search-circle","223","2.2.0","485331","79227","visual_search_trial","601","","j","","","","","","","","","","null","red_blue_mix","11","[""images/Blue_Circle.png"",""images/Blue_Circle.png"",""images/Blue_Circle.png"",""images/Blue_Circle.png"",""images/Blue_Circle.png"",""images/Blue_Circle.png"",""images/Blue_Triangle.png"",""images/Red_Circle.png"",""images/Blue_Triangle.png""]","true","[[13,181],[76,240],[161,244],[229,193],[249,109],[210,33],[131,0],[49,25],[3,96]]","false",""
"visual-search-circle","224","2.2.0","487264","79227","visual_search_trial","429","","f","","","","","","","","","","null","red_circle","11","[""images/Red_Triangle.png"",""images/Red_Circle.png"",""images/Red_Circle.png""]","true","[[229,56],[13,68],[131,249]]","true",""
"visual-search-circle","225","2.2.0","489201","79227","visual_search_trial","430","","f","","","","","","","","","","null","red_blue_mix","11","[""images/Red_Triangle.png"",""images/Red_Circle.png"",""images/Blue_Triangle.png"",""images/Blue_Circle.png"",""images/Blue_Circle.png"",""images/Blue_Circle.png"",""images/Red_Circle.png"",""images/Blue_Circle.png"",""images/Blue_Triangle.png""]","true","[[25,200],[96,246],[181,236],[240,173],[244,88],[193,20],[109,0],[33,39],[0,118]]","true",""
"visual-search-circle","226","2.2.0","491176","79227","visual_search_trial","471","","f","","","","","","","","","","null","blue_triangle","11","[""images/Red_Triangle.png"",""images/Blue_Triangle.png"",""images/Blue_Triangle.png""]","true","[[44,220],[248,146],[82,7]]","true",""
"visual-search-circle","227","2.2.0","493266","79227","visual_search_trial","585","","j","","","","","","","","","","null","red_blue_mix","11","[""images/Blue_Circle.png"",""images/Blue_Circle.png"",""images/Red_Circle.png"",""images/Red_Circle.png"",""images/Blue_Circle.png"",""images/Blue_Triangle.png""]","true","[[46,222],[169,241],[248,144],[203,27],[80,8],[1,105]]","false",""
"visual-search-circle","228","2.2.0","495203","79227","visual_search_trial","432","","f","","","","","","","","","","null","blue_triangle","11","[""images/Red_Triangle.png"",""images/Blue_Triangle.png"",""images/Blue_Triangle.png"",""images/Blue_Triangle.png"",""images/Blue_Triangle.png"",""images/Blue_Triangle.png""]","true","[[249,127],[189,17],[64,15],[0,122],[60,232],[185,234]]","true",""
"visual-search-circle","229","2.2.0","497126","79227","visual_search_trial","417","","j","","","","","","","","","","null","red_circle","11","[""images/Red_Circle.png"",""images/Red_Circle.png"",""images/Red_Circle.png"",""images/Red_Circle.png"",""images/Red_Circle.png"",""images/Red_Circle.png""]","true","[[0,120],[58,231],[183,235],[249,129],[191,18],[66,14]]","false",""
"visual-search-circle","230","2.2.0","822818","79227","visual_search_trial","145878","","f","","","","","","","","","","null","red_blue_mix","11","[""images/Red_Triangle.png"",""images/Blue_Circle.png"",""images/Red_Circle.png""]","true","[[22,53],[114,249],[238,72]]","true",""
"visual-search-circle","231","2.2.0","824804","79227","visual_search_trial","483","","j","","","","","","","","","","null","red_circle","11","[""images/Red_Circle.png"",""images/Red_Circle.png"",""images/Red_Circle.png""]","true","[[183,235],[191,18],[0,120]]","false",""
"visual-search-circle","232","2.2.0","826770","79227","visual_search_trial","464","","j","","","","","","","","","","null","red_blue_mix","11","[""images/Blue_Circle.png"",""images/Blue_Triangle.png"",""images/Blue_Circle.png""]","true","[[62,16],[62,233],[250,125]]","false",""
"visual-search-circle","233","2.2.0","828790","79227","visual_search_trial","515","","j","","","","","","","","","","null","red_circle","11","[""images/Red_Circle.png"",""images/Red_Circle.png"",""images/Red_Circle.png"",""images/Red_Circle.png"",""images/Red_Circle.png"",""images/Red_Circle.png"",""images/Red_Circle.png"",""images/Red_Circle.png"",""images/Red_Circle.png""]","true","[[84,6],[17,60],[1,144],[42,219],[122,249],[203,222],[247,148],[234,64],[169,8]]","false",""
"visual-search-circle","234","2.2.0","830847","79227","visual_search_trial","554","","j","","","","","","","","","","null","blue_triangle","11","[""images/Blue_Triangle.png"",""images/Blue_Triangle.png"",""images/Blue_Triangle.png"",""images/Blue_Triangle.png"",""images/Blue_Triangle.png"",""images/Blue_Triangle.png"",""images/Blue_Triangle.png"",""images/Blue_Triangle.png"",""images/Blue_Triangle.png""]","true","[[49,25],[3,96],[13,181],[76,240],[161,244],[229,193],[249,109],[210,33],[131,0]]","false",""
"visual-search-circle","235","2.2.0","832886","79227","visual_search_trial","536","","f","","","","","","","","","","null","red_circle","11","[""images/Red_Triangle.png"",""images/Red_Circle.png"",""images/Red_Circle.png"",""images/Red_Circle.png"",""images/Red_Circle.png"",""images/Red_Circle.png""]","true","[[245,92],[157,4],[36,36],[4,157],[92,245],[213,213]]","true",""
"html-keyboard-response","236","2.1.0","834415","79227","break","1528","<p>Great job so far! Please rest for a few seconds before continuing.</p>
                 <p>Press the <strong>S</strong> key on your keyboard to continue.</p>","s","","","","","","","","","","","","","","","","","S"
"visual-search-circle","237","2.2.0","836496","79227","visual_search_trial","578","","j","","","","","","","","","","null","red_circle","12","[""images/Red_Circle.png"",""images/Red_Circle.png"",""images/Red_Circle.png"",""images/Red_Circle.png"",""images/Red_Circle.png"",""images/Red_Circle.png""]","true","[[239,74],[138,0],[23,51],[10,175],[111,249],[226,198]]","false",""
"visual-search-circle","238","2.2.0","838510","79227","visual_search_trial","511","","f","","","","","","","","","","null","blue_triangle","12","[""images/Red_Triangle.png"",""images/Blue_Triangle.png"",""images/Blue_Triangle.png"",""images/Blue_Triangle.png"",""images/Blue_Triangle.png"",""images/Blue_Triangle.png""]","true","[[114,249],[227,196],[238,72],[135,0],[22,53],[11,177]]","true",""
"visual-search-circle","239","2.2.0","840409","79227","visual_search_trial","396","","j","","","","","","","","","","null","red_blue_mix","12","[""images/Blue_Triangle.png"",""images/Blue_Circle.png"",""images/Blue_Triangle.png"",""images/Blue_Triangle.png"",""images/Blue_Triangle.png"",""images/Blue_Triangle.png""]","true","[[234,185],[232,60],[122,0],[15,64],[17,189],[127,249]]","false",""
"visual-search-circle","240","2.2.0","842302","79227","visual_search_trial","389","","j","","","","","","","","","","null","blue_triangle","12","[""images/Blue_Triangle.png"",""images/Blue_Triangle.png"",""images/Blue_Triangle.png"",""images/Blue_Triangle.png"",""images/Blue_Triangle.png"",""images/Blue_Triangle.png""]","true","[[4,159],[94,246],[214,211],[245,90],[155,3],[35,38]]","false",""
"visual-search-circle","241","2.2.0","844245","79227","visual_search_trial","440","","f","","","","","","","","","","null","red_blue_mix","12","[""images/Red_Triangle.png"",""images/Blue_Circle.png"",""images/Blue_Triangle.png"",""images/Red_Circle.png"",""images/Red_Circle.png"",""images/Blue_Triangle.png""]","true","[[80,241],[203,222],[248,105],[169,8],[46,27],[1,144]]","true",""
"visual-search-circle","242","2.2.0","846644","79227","visual_search_trial","896","","f","","","","","","","","","","null","red_circle","12","[""images/Red_Triangle.png"",""images/Red_Circle.png"",""images/Red_Circle.png"",""images/Red_Circle.png"",""images/Red_Circle.png"",""images/Red_Circle.png""]","true","[[229,193],[236,68],[131,0],[20,56],[13,181],[118,249]]","true",""
"visual-search-circle","243","2.2.0","848606","79227","visual_search_trial","459","","f","","","","","","","","","","null","blue_triangle","12","[""images/Red_Triangle.png"",""images/Blue_Triangle.png"",""images/Blue_Triangle.png""]","true","[[222,46],[8,80],[144,248]]","true",""
"visual-search-circle","244","2.2.0","850565","79227","visual_search_trial","457","","f","","","","","","","","","","null","red_blue_mix","12","[""images/Red_Triangle.png"",""images/Blue_Triangle.png"",""images/Blue_Circle.png""]","true","[[18,58],[120,249],[235,66]]","true",""
"visual-search-circle","245","2.2.0","852658","79227","visual_search_trial","588","","f","","","","","","","","","","null","red_circle","12","[""images/Red_Triangle.png"",""images/Red_Circle.png"",""images/Red_Circle.png"",""images/Red_Circle.png"",""images/Red_Circle.png"",""images/Red_Circle.png"",""images/Red_Circle.png"",""images/Red_Circle.png"",""images/Red_Circle.png""]","true","[[249,116],[214,38],[138,0],[55,21],[4,90],[10,175],[70,237],[155,246],[226,198]]","true",""
"visual-search-circle","246","2.2.0","854715","79227","visual_search_trial","553","","f","","","","","","","","","","null","red_blue_mix","12","[""images/Red_Triangle.png"",""images/Blue_Triangle.png"",""images/Red_Circle.png"",""images/Blue_Circle.png"",""images/Blue_Triangle.png"",""images/Blue_Circle.png"",""images/Blue_Circle.png"",""images/Blue_Circle.png"",""images/Red_Circle.png""]","true","[[49,224],[131,249],[210,216],[249,140],[229,56],[161,5],[76,9],[13,68],[3,153]]","true",""
"visual-search-circle","247","2.2.0","856588","79227","visual_search_trial","368","","f","","","","","","","","","","null","blue_triangle","12","[""images/Red_Triangle.png"",""images/Blue_Triangle.png"",""images/Blue_Triangle.png"",""images/Blue_Triangle.png"",""images/Blue_Triangle.png"",""images/Blue_Triangle.png"",""images/Blue_Triangle.png"",""images/Blue_Triangle.png"",""images/Blue_Triangle.png""]","true","[[183,14],[99,2],[26,48],[0,129],[32,208],[107,248],[191,231],[243,163],[240,78]]","true",""
"visual-search-circle","248","2.2.0","858574","79227","visual_search_trial","481","","j","","","","","","","","","","null","red_blue_mix","12","[""images/Blue_Circle.png"",""images/Blue_Triangle.png"",""images/Blue_Circle.png"",""images/Blue_Circle.png"",""images/Blue_Circle.png"",""images/Blue_Circle.png"",""images/Blue_Circle.png"",""images/Red_Circle.png"",""images/Red_Circle.png""]","true","[[103,248],[187,233],[242,167],[242,82],[187,16],[103,1],[29,44],[0,124],[29,205]]","false",""
"visual-search-circle","249","2.2.0","860634","79227","visual_search_trial","557","","j","","","","","","","","","","null","red_circle","12","[""images/Red_Circle.png"",""images/Red_Circle.png"",""images/Red_Circle.png"",""images/Red_Circle.png"",""images/Red_Circle.png"",""images/Red_Circle.png"",""images/Red_Circle.png"",""images/Red_Circle.png"",""images/Red_Circle.png""]","true","[[249,120],[217,41],[142,1],[58,18],[6,86],[9,171],[66,235],[150,247],[223,201]]","false",""
"visual-search-circle","250","2.2.0","862503","79227","visual_search_trial","366","","j","","","","","","","","","","null","red_blue_mix","12","[""images/Blue_Circle.png"",""images/Red_Circle.png"",""images/Blue_Circle.png""]","true","[[16,62],[125,250],[233,62]]","false",""
"visual-search-circle","251","2.2.0","864391","79227","visual_search_trial","384","","j","","","","","","","","","","null","blue_triangle","12","[""images/Blue_Triangle.png"",""images/Blue_Triangle.png"",""images/Blue_Triangle.png""]","true","[[76,9],[49,224],[249,140]]","false",""
"visual-search-circle","252","2.2.0","866354","79227","visual_search_trial","460","","f","","","","","","","","","","null","red_circle","12","[""images/Red_Triangle.png"",""images/Red_Circle.png"",""images/Red_Circle.png""]","true","[[1,107],[171,240],[201,26]]","true",""
"visual-search-circle","253","2.2.0","868298","79227","visual_search_trial","440","","j","","","","","","","","","","null","blue_triangle","12","[""images/Blue_Triangle.png"",""images/Blue_Triangle.png"",""images/Blue_Triangle.png"",""images/Blue_Triangle.png"",""images/Blue_Triangle.png"",""images/Blue_Triangle.png"",""images/Blue_Triangle.png"",""images/Blue_Triangle.png"",""images/Blue_Triangle.png""]","true","[[211,214],[249,138],[228,55],[159,4],[74,10],[12,70],[3,155],[51,226],[133,249]]","false",""
"visual-search-circle","254","2.2.0","870191","79227","visual_search_trial","390","","j","","","","","","","","","","null","red_circle","12","[""images/Red_Circle.png"",""images/Red_Circle.png"",""images/Red_Circle.png""]","true","[[17,60],[122,249],[234,64]]","false",""
"visual-search-circle","255","2.2.0","872085","79227","visual_search_trial","390","","f","","","","","","","","","","null","blue_triangle","13","[""images/Red_Triangle.png"",""images/Blue_Triangle.png"",""images/Blue_Triangle.png"",""images/Blue_Triangle.png"",""images/Blue_Triangle.png"",""images/Blue_Triangle.png"",""images/Blue_Triangle.png"",""images/Blue_Triangle.png"",""images/Blue_Triangle.png""]","true","[[219,207],[249,127],[222,46],[148,2],[64,15],[8,80],[6,165],[60,232],[144,248]]","true",""
"visual-search-circle","256","2.2.0","874043","79227","visual_search_trial","453","","f","","","","","","","","","","null","red_circle","13","[""images/Red_Triangle.png"",""images/Red_Circle.png"",""images/Red_Circle.png"",""images/Red_Circle.png"",""images/Red_Circle.png"",""images/Red_Circle.png"",""images/Red_Circle.png"",""images/Red_Circle.png"",""images/Red_Circle.png""]","true","[[12,70],[3,155],[51,226],[133,249],[211,214],[249,138],[228,55],[159,4],[74,10]]","true",""
"visual-search-circle","257","2.2.0","875952","79227","visual_search_trial","405","","f","","","","","","","","","","null","red_blue_mix","13","[""images/Red_Triangle.png"",""images/Blue_Triangle.png"",""images/Blue_Circle.png""]","true","[[249,111],[51,23],[74,239]]","true",""
"visual-search-circle","258","2.2.0","877823","79227","visual_search_trial","367","","j","","","","","","","","","","null","red_circle","13","[""images/Red_Circle.png"",""images/Red_Circle.png"",""images/Red_Circle.png"",""images/Red_Circle.png"",""images/Red_Circle.png"",""images/Red_Circle.png""]","true","[[5,88],[33,210],[153,246],[244,161],[216,39],[96,3]]","false",""
"visual-search-circle","259","2.2.0","879809","79227","visual_search_trial","482","","j","","","","","","","","","","null","red_blue_mix","13","[""images/Blue_Triangle.png"",""images/Red_Circle.png"",""images/Red_Circle.png""]","true","[[6,86],[150,247],[217,41]]","false",""
"visual-search-circle","260","2.2.0","881613","79227","visual_search_trial","301","","j","","","","","","","","","","null","blue_triangle","13","[""images/Blue_Triangle.png"",""images/Blue_Triangle.png"",""images/Blue_Triangle.png"",""images/Blue_Triangle.png"",""images/Blue_Triangle.png"",""images/Blue_Triangle.png""]","true","[[64,15],[0,122],[60,232],[185,234],[249,127],[189,17]]","false",""
"visual-search-circle","261","2.2.0","883532","79227","visual_search_trial","415","","f","","","","","","","","","","null","red_circle","13","[""images/Red_Triangle.png"",""images/Red_Circle.png"",""images/Red_Circle.png""]","true","[[48,223],[248,142],[78,9]]","true",""
"visual-search-circle","262","2.2.0","885476","79227","visual_search_trial","440","","f","","","","","","","","","","null","blue_triangle","13","[""images/Red_Triangle.png"",""images/Blue_Triangle.png"",""images/Blue_Triangle.png""]","true","[[242,167],[103,1],[29,205]]","true",""
"visual-search-circle","263","2.2.0","887448","79227","visual_search_trial","468","","f","","","","","","","","","","null","red_blue_mix","13","[""images/Red_Triangle.png"",""images/Red_Circle.png"",""images/Red_Circle.png"",""images/Red_Circle.png"",""images/Blue_Circle.png"",""images/Blue_Circle.png""]","true","[[226,51],[111,0],[10,74],[23,198],[138,249],[239,175]]","true",""
"visual-search-circle","264","2.2.0","889341","79227","visual_search_trial","389","","f","","","","","","","","","","null","blue_triangle","13","[""images/Red_Triangle.png"",""images/Blue_Triangle.png"",""images/Blue_Triangle.png"",""images/Blue_Triangle.png"",""images/Blue_Triangle.png"",""images/Blue_Triangle.png""]","true","[[249,120],[183,14],[58,18],[0,129],[66,235],[191,231]]","true",""
"visual-search-circle","265","2.2.0","891281","79227","visual_search_trial","438","","j","","","","","","","","","","null","red_circle","13","[""images/Red_Circle.png"",""images/Red_Circle.png"",""images/Red_Circle.png""]","true","[[183,235],[191,18],[0,120]]","false",""
"visual-search-circle","266","2.2.0","893287","79227","visual_search_trial","501","","j","","","","","","","","","","null","red_blue_mix","13","[""images/Red_Circle.png"",""images/Blue_Circle.png"",""images/Red_Circle.png"",""images/Red_Circle.png"",""images/Blue_Triangle.png"",""images/Red_Circle.png""]","true","[[211,214],[246,94],[159,4],[38,35],[3,155],[90,245]]","false",""
"visual-search-circle","267","2.2.0","895098","79227","visual_search_trial","309","","j","","","","","","","","","","null","blue_triangle","13","[""images/Blue_Triangle.png"",""images/Blue_Triangle.png"",""images/Blue_Triangle.png""]","true","[[208,32],[2,99],[163,243]]","false",""
"visual-search-circle","268","2.2.0","897044","79227","visual_search_trial","440","","f","","","","","","","","","","null","red_blue_mix","13","[""images/Red_Triangle.png"",""images/Red_Circle.png"",""images/Red_Circle.png"",""images/Blue_Triangle.png"",""images/Blue_Triangle.png"",""images/Red_Circle.png"",""images/Blue_Triangle.png"",""images/Red_Circle.png"",""images/Blue_Circle.png""]","true","[[220,44],[146,1],[62,16],[7,82],[7,167],[62,233],[146,248],[220,205],[250,125]]","true",""
"visual-search-circle","269","2.2.0","898970","79227","visual_search_trial","420","","j","","","","","","","","","","null","blue_triangle","13","[""images/Blue_Triangle.png"",""images/Blue_Triangle.png"",""images/Blue_Triangle.png"",""images/Blue_Triangle.png"",""images/Blue_Triangle.png"",""images/Blue_Triangle.png"",""images/Blue_Triangle.png"",""images/Blue_Triangle.png"",""images/Blue_Triangle.png""]","true","[[237,179],[246,94],[198,23],[116,0],[38,35],[0,111],[21,194],[90,245],[175,239]]","false",""
"visual-search-circle","270","2.2.0","900779","79227","visual_search_trial","302","","j","","","","","","","","","","null","red_circle","13","[""images/Red_Circle.png"",""images/Red_Circle.png"",""images/Red_Circle.png"",""images/Red_Circle.png"",""images/Red_Circle.png"",""images/Red_Circle.png"",""images/Red_Circle.png"",""images/Red_Circle.png"",""images/Red_Circle.png""]","true","[[4,159],[55,228],[138,249],[214,211],[249,133],[226,51],[155,3],[70,12],[10,74]]","false",""
"visual-search-circle","271","2.2.0","902734","79227","visual_search_trial","450","","j","","","","","","","","","","null","red_blue_mix","13","[""images/Red_Circle.png"",""images/Red_Circle.png"",""images/Blue_Triangle.png"",""images/Red_Circle.png"",""images/Blue_Circle.png"",""images/Red_Circle.png"",""images/Red_Circle.png"",""images/Red_Circle.png"",""images/Blue_Triangle.png""]","true","[[21,194],[90,245],[175,239],[237,179],[246,94],[198,23],[116,0],[38,35],[0,111]]","false",""
"visual-search-circle","272","2.2.0","905565","79227","visual_search_trial","1326","","f","","","","","","","","","","null","red_circle","13","[""images/Red_Triangle.png"",""images/Red_Circle.png"",""images/Red_Circle.png"",""images/Red_Circle.png"",""images/Red_Circle.png"",""images/Red_Circle.png""]","true","[[216,39],[96,3],[5,88],[33,210],[153,246],[244,161]]","true",""
"html-keyboard-response","273","2.1.0","908719","79227","break","3153","<p>Great job so far! Please rest for a few seconds before continuing.</p>
                 <p>Press the <strong>W</strong> key on your keyboard to continue.</p>","w","","","","","","","","","","","","","","","","","W"
"visual-search-circle","274","2.2.0","910483","79227","visual_search_trial","257","","f","","","","","","","","","","null","red_blue_mix","14","[""images/Red_Triangle.png"",""images/Blue_Triangle.png"",""images/Blue_Triangle.png"",""images/Blue_Triangle.png"",""images/Blue_Circle.png"",""images/Blue_Triangle.png"",""images/Red_Circle.png"",""images/Blue_Circle.png"",""images/Blue_Circle.png""]","true","[[234,64],[169,8],[84,6],[17,60],[1,144],[42,219],[122,249],[203,222],[247,148]]","true",""
"visual-search-circle","275","2.2.0","912231","79227","visual_search_trial","243","","f","","","","","","","","","","null","red_circle","14","[""images/Red_Circle.png"",""images/Red_Circle.png"",""images/Red_Circle.png"",""images/Red_Circle.png"",""images/Red_Circle.png"",""images/Red_Circle.png""]","false","[[239,175],[226,51],[111,0],[10,74],[23,198],[138,249]]","false",""
"visual-search-circle","276","2.2.0","914001","79227","visual_search_trial","265","","j","","","","","","","","","","null","blue_triangle","14","[""images/Blue_Triangle.png"",""images/Blue_Triangle.png"",""images/Blue_Triangle.png"",""images/Blue_Triangle.png"",""images/Blue_Triangle.png"",""images/Blue_Triangle.png""]","true","[[33,39],[5,161],[96,246],[216,210],[244,88],[153,3]]","false",""
"visual-search-circle","277","2.2.0","915742","79227","visual_search_trial","236","","j","","","","","","","","","","null","red_blue_mix","14","[""images/Blue_Circle.png"",""images/Blue_Circle.png"",""images/Blue_Circle.png""]","true","[[16,62],[125,250],[233,62]]","false",""
"visual-search-circle","278","2.2.0","917585","79227","visual_search_trial","339","","j","","","","","","","","","","null","red_circle","14","[""images/Red_Circle.png"",""images/Red_Circle.png"",""images/Red_Circle.png""]","true","[[105,1],[27,203],[241,169]]","false",""
"visual-search-circle","279","2.2.0","919314","79227","visual_search_trial","222","","f","","","","","","","","","","null","blue_triangle","14","[""images/Red_Triangle.png"",""images/Blue_Triangle.png"",""images/Blue_Triangle.png"",""images/Blue_Triangle.png"",""images/Blue_Triangle.png"",""images/Blue_Triangle.png"",""images/Blue_Triangle.png"",""images/Blue_Triangle.png"",""images/Blue_Triangle.png""]","true","[[157,4],[72,11],[11,72],[4,157],[53,227],[135,249],[213,213],[249,135],[227,53]]","true",""
"visual-search-circle","280","2.2.0","921123","79227","visual_search_trial","304","","j","","","","","","","","","","null","red_circle","14","[""images/Red_Triangle.png"",""images/Red_Circle.png"",""images/Red_Circle.png"",""images/Red_Circle.png"",""images/Red_Circle.png"",""images/Red_Circle.png""]","false","[[49,224],[173,240],[249,140],[200,25],[76,9],[0,109]]","true",""
"visual-search-circle","281","2.2.0","922971","79227","visual_search_trial","344","","f","","","","","","","","","","null","red_blue_mix","14","[""images/Red_Triangle.png"",""images/Blue_Triangle.png"",""images/Blue_Circle.png""]","true","[[6,84],[148,247],[219,42]]","true",""
"visual-search-circle","282","2.2.0","924808","79227","visual_search_trial","333","","f","","","","","","","","","","null","blue_triangle","14","[""images/Red_Triangle.png"",""images/Blue_Triangle.png"",""images/Blue_Triangle.png""]","true","[[5,88],[153,246],[216,39]]","true",""
"visual-search-circle","283","2.2.0","926718","79227","visual_search_trial","404","","f","","","","","","","","","","null","red_blue_mix","14","[""images/Red_Circle.png"",""images/Blue_Triangle.png"",""images/Blue_Circle.png"",""images/Blue_Circle.png"",""images/Blue_Triangle.png"",""images/Blue_Circle.png"",""images/Blue_Triangle.png"",""images/Red_Circle.png"",""images/Red_Circle.png""]","false","[[249,129],[223,48],[150,2],[66,14],[9,78],[6,163],[58,231],[142,248],[217,208]]","false",""
"visual-search-circle","284","2.2.0","928605","79227","visual_search_trial","381","","j","","","","","","","","","","null","blue_triangle","14","[""images/Blue_Triangle.png"",""images/Blue_Triangle.png"",""images/Blue_Triangle.png"",""images/Blue_Triangle.png"",""images/Blue_Triangle.png"",""images/Blue_Triangle.png"",""images/Blue_Triangle.png"",""images/Blue_Triangle.png"",""images/Blue_Triangle.png""]","true","[[3,153],[49,224],[131,249],[210,216],[249,140],[229,56],[161,5],[76,9],[13,68]]","false",""
"visual-search-circle","285","2.2.0","930503","79227","visual_search_trial","394","","j","","","","","","","","","","null","red_circle","14","[""images/Red_Triangle.png"",""images/Red_Circle.png"",""images/Red_Circle.png""]","false","[[90,245],[246,94],[38,35]]","true",""
"visual-search-circle","286","2.2.0","932600","79227","visual_search_trial","592","","j","","","","","","","","","","null","red_blue_mix","14","[""images/Red_Circle.png"",""images/Red_Circle.png"",""images/Blue_Triangle.png"",""images/Red_Circle.png"",""images/Red_Circle.png"",""images/Blue_Triangle.png""]","true","[[142,1],[26,48],[9,171],[107,248],[223,201],[240,78]]","false",""
"visual-search-circle","287","2.2.0","934450","79227","visual_search_trial","345","","j","","","","","","","","","","null","blue_triangle","14","[""images/Blue_Triangle.png"",""images/Blue_Triangle.png"",""images/Blue_Triangle.png""]","true","[[189,17],[0,122],[185,234]]","false",""
"visual-search-circle","288","2.2.0","936360","79227","visual_search_trial","404","","f","","","","","","","","","","null","red_circle","14","[""images/Red_Triangle.png"",""images/Red_Circle.png"",""images/Red_Circle.png"",""images/Red_Circle.png"",""images/Red_Circle.png"",""images/Red_Circle.png"",""images/Red_Circle.png"",""images/Red_Circle.png"",""images/Red_Circle.png""]","true","[[140,249],[216,210],[249,131],[224,49],[153,3],[68,13],[9,76],[5,161],[56,229]]","true",""
"visual-search-circle","289","2.2.0","938249","79227","visual_search_trial","383","","f","","","","","","","","","","null","red_blue_mix","14","[""images/Red_Triangle.png"",""images/Red_Circle.png"",""images/Blue_Triangle.png"",""images/Red_Circle.png"",""images/Blue_Circle.png"",""images/Blue_Triangle.png""]","true","[[14,183],[120,249],[231,191],[235,66],[129,0],[18,58]]","true",""
"visual-search-circle","290","2.2.0","940618","79227","visual_search_trial","863","","j","","","","","","","","","","null","red_circle","14","[""images/Red_Circle.png"",""images/Red_Circle.png"",""images/Red_Circle.png"",""images/Red_Circle.png"",""images/Red_Circle.png"",""images/Red_Circle.png"",""images/Red_Circle.png"",""images/Red_Circle.png"",""images/Red_Circle.png""]","true","[[92,245],[177,238],[238,177],[245,92],[196,22],[114,0],[36,36],[0,114],[22,196]]","false",""
"visual-search-circle","291","2.2.0","942528","79227","visual_search_trial","404","","f","","","","","","","","","","null","blue_triangle","14","[""images/Red_Triangle.png"",""images/Blue_Triangle.png"",""images/Blue_Triangle.png"",""images/Blue_Triangle.png"",""images/Blue_Triangle.png"",""images/Blue_Triangle.png""]","true","[[183,14],[58,18],[0,129],[66,235],[191,231],[249,120]]","true",""
"html-keyboard-response","292","2.1.0","946530","79227","intermediate_slide_mindfulness","null","<p style='font-size:2.5vw'>You've finished the visual search. Next is the mindfulness survey.</p>","null","","","","","","","","","","","","","","","","",""
"survey-likert","293","2.1.0","969893","79227","mindfulness_survey","23358","","{""Automatic"":3,""Tasks"":3,""Preoccupied"":3,""Feelings"":3,""Focus"":3,""Rush"":3,""Attention"":3,""Walking"":3,""Now"":3,""Multitasking"":3,""Names"":3,""Carelessness"":3,""Driving"":3,""Eat"":3,""Emotion"":3}","","","","[6,9,12,4,2,7,13,3,8,10,5,1,11,14,0]","","","","","","","","","","","","",""
"html-keyboard-response","294","2.1.0","973896","79227","intermediate_slide_ls","null","<p style='font-size:2.5vw'>You've finished the mindfulness survey. Next is the life satisfaction questionnaire.</p>","null","","","","","","","","","","","","","","","","",""
"survey-likert","295","2.1.0","981816","79227","satisfaction_survey","7917","","{""Change"":4,""Conditions"":4,""Ideal"":4,""Important"":4,""Satisfied"":4}","","","","[4,1,0,3,2]","","","","","","","","","","","","",""
"html-keyboard-response","296","2.1.0","985819","79227","intermediate_slide_personality","null","<p style='font-size:2.5vw'>You've finished the satisfaction questionnaire. The last survey is a personality questionnaire.</p>","null","","","","","","","","","","","","","","","","",""
"survey-likert","297","2.1.0","1046851","79227","big5_survey","61023","","{""Talkative"":2,""Fault"":2,""Thorough"":2,""Depressed"":2,""Original"":2,""Reserved"":2,""Unselfish"":2,""Careless"":2,""relaxed"":2,""Curious"":2,""Energetic"":2,""Quarrels"":2,""Reliable"":2,""Tense"":2,""Ingenious"":2,""Enthusiastic"":2,""Forgiving"":2,""Disorganzied"":2,""Worries"":2,""imagination"":2,""quiet"":2,""trusting"":2,""Lazy"":2,""stable"":2,""inventive"":2,""Assertive"":2,""aloof"":2,""perservere"":2,""moody"":2,""aesthetic"":2,""shy"":2,""kind"":2,""Efficient"":2,""calm"":2,""routine"":2,""social"":2,""rude"":2,""plans"":2,""Nervous"":2,""reflect"":2,""artistic"":2,""cooperate"":2,""distracted"":2,""sophisticated"":2}","","","","[0,1,2,3,4,5,6,7,8,9,10,11,12,13,14,15,16,17,18,19,20,21,22,23,24,25,26,27,28,29,30,31,32,33,34,35,36,37,38,39,40,41,42,43,44]","","","","","","","","","","","","",""
"html-button-response","298","2.1.0","1050380","79227","debriefing","3527","
    <div style=""max-width: 900px; margin: 0 auto; padding: 20px; text-align: left; line-height: 1.6;"">
      <h1 style=""text-align: center; color: #333; font-size: 24px; margin-bottom: 10px;"">
        Study Debriefing
      </h1>
      <div style=""text-align: center; font-size: 20px; color: #555; margin-bottom: 30px; font-style: italic;"">
        The Effects of Mindfulness and Attention on Life Satisfaction and Memory
      </div>

      <div style=""background-color: #e3f2fd; border-left: 4px solid #2196F3; padding: 20px; margin: 20px 0;"">
        <h2 style=""margin-top: 0; color: #1976d2; font-size: 20px;"">Thank You for Participating!</h2>
        <p style=""margin-bottom: 0;"">We appreciate your time and effort in completing this study. Your participation helps us better understand the relationship between mindfulness, attention, and well-being.</p>
      </div>

      <h2 style=""color: #555; font-size: 20px; margin-top: 30px; border-bottom: 2px solid #e0e0e0; padding-bottom: 8px;"">
        Study Purpose
      </h2>
      <p style=""margin-bottom: 15px;"">The purpose of this study was to examine the relationship between attention, mindfulness, and life satisfaction. Specifically, we wanted to explore whether:</p>
      <ul style=""margin: 10px 0 15px 25px; padding: 0;"">
        <li style=""margin-bottom: 8px;"">Greater levels of mindfulness (awareness of the present moment) are associated with better attentional control (the ability to focus on specific aspects of the environement while 'tuning out' distractions)</li>
        <li style=""margin-bottom: 8px;"">Mindfulness and attention are related to overall life satisfaction</li>
        <li style=""margin-bottom: 8px;"">These relationships hold across people with different levels of conscientiousness</li>
      </ul>

      <h2 style=""color: #555; font-size: 20px; margin-top: 30px; border-bottom: 2px solid #e0e0e0; padding-bottom: 8px;"">
        What We Learned from Your Participation
      </h2>
      <p style=""margin-bottom: 15px;"">The visual search task you completed measures your ability to focus attention and efficiently locate target objects among distractors. This basic cognitive ability may be related to mindfulness practices in everyday life.</p>
      
      <p style=""margin-bottom: 15px;"">The questionnaires you completed help us understand your typical level of mindfulness, your satisfaction with life, and your personality characteristics (most importantly, conscientiousness). By combining data from the visual search task with your survey responses, we can examine how mindfulness and attention may relate to experiences at both a large scale (life satisfaction) and small scale (visual attention).</p>

      <h2 style=""color: #555; font-size: 20px; margin-top: 30px; border-bottom: 2px solid #e0e0e0; padding-bottom: 8px;"">
        How Your Data Will Be Used
      </h2>
      <p style=""margin-bottom: 15px;"">Your anonymous responses will be combined with data from other participants to identify patterns and relationships between mindfulness, attention, and life satisfaction. The results may:</p>
      <ul style=""margin: 10px 0 15px 25px; padding: 0;"">
        <li style=""margin-bottom: 8px;"">Help inform mental health professionals about the potential benefits of mindfulness practices</li>
        <li style=""margin-bottom: 8px;"">Contribute to educational programs that support student well-being</li>
        <li style=""margin-bottom: 8px;"">Advance our understanding of how everyday awareness relates to cognitive functioning</li>
        <li style=""margin-bottom: 8px;"">Be published in peer-reviewed scientific journals and presented at academic conferences</li>
      </ul>

      <h2 style=""color: #555; font-size: 20px; margin-top: 30px; border-bottom: 2px solid #e0e0e0; padding-bottom: 8px;"">
        Confidentiality Reminder
      </h2>
      <p style=""margin-bottom: 15px;"">All of your responses are completely anonymous, and your data has been assigned a random ID number that we cannot trace back to you. We cannot and will not link your identity to your data in any way. Your privacy is protected throughout all stages of data analysis, storage, and potential publication.</p>

      <h2 style=""color: #555; font-size: 20px; margin-top: 30px; border-bottom: 2px solid #e0e0e0; padding-bottom: 8px;"">
        Questions or Concerns?
      </h2>
      <div style=""background-color: #f0f0f0; padding: 15px; border-left: 4px solid #2196F3; margin: 20px 0;"">
        <p style=""margin-bottom: 10px;"">If you have any questions about this study or would like to learn about the results when they become available, please feel free to contact:</p>
        <p style=""margin-bottom: 15px;"">
          <strong>Principal Investigator:</strong> Ella M. Bremmer<br>
          Email: ebremmer@albany.edu<br><br>
          <strong>Co-Principal Investigator:</strong> Pierce C. Johnson<br>
          Email: pjohnson4@albany.edu<br><br>
          <strong>Faculty Advisor:</strong> Gregory Cox, PhD<br>
          Email: gecox@albany.edu
        </p>
        
        <p style=""margin-bottom: 10px;"">If you have questions about your rights as a research participant, you may contact:</p>
        <p style=""margin-bottom: 0;"">
          Institutional Review Board<br>
          University at Albany<br>
          Phone: 1-866-857-5459<br>
          Email: rco@albany.edu
        </p>
      </div>

      <div style=""background-color: #fff3cd; border: 2px solid #ffc107; border-radius: 5px; padding: 20px; margin-top: 30px;"">
        <h2 style=""margin-top: 0; color: #856404; font-size: 18px;"">Receiving Your SONA Credit</h2>
        <p style=""margin-bottom: 10px; color: #856404;"">By clicking ""Complete Study"" below, you will:</p>
        <ul style=""margin: 10px 0 15px 25px; padding: 0; color: #856404;"">
          <li style=""margin-bottom: 8px;"">Finalize your participation in this study</li>
          <li style=""margin-bottom: 8px;"">Be redirected to SONA to receive your research credit</li>
          <li style=""margin-bottom: 8px;"">Have your participation recorded in the SONA system</li>
        </ul>
        <p style=""margin-bottom: 0; font-weight: bold; color: #856404;"">Thank you again for your contribution to psychological research!</p>
      </div>
    </div>
  ","0","","","","","","","","","","","","","","","","",""
