"trial_type","trial_index","plugin_version","time_elapsed","sona_id","phase","rt","stimulus","response","consented","required_key","view_history","question_order","success","timeout","failed_images","failed_audio","failed_video","set_size","distractor_type","block","stimuli_list","correct","locations","target_present","break_key"
"pavlovia","0","null","849","77648","","","","","","","","","","","","","","","","","","","","",""
"html-button-response","1","2.1.0","4101","77648","informed_consent","3249","
    <div style=""max-width: 900px; margin: 0 auto; padding: 20px; text-align: left; line-height: 1.6;"">
      <h1 style=""text-align: center; color: #333; font-size: 24px; margin-bottom: 10px; font-weight: bold;"">
        INFORMED CONSENT INFORMATION
      </h1>
      <h2 style=""text-align: center; color: #333; font-size: 22px; margin-bottom: 20px; font-weight: bold;"">
        FOR RESEARCH PARTICIPATION
      </h2>
      
      <p style=""margin-bottom: 10px;""><strong>Study Title:</strong> The Effects of Mindfulness and Attention on Life Satisfaction and Memory</p>
      <p style=""margin-bottom: 10px;""><strong>Principal Investigator:</strong> Ella Bremmer</p>
      <p style=""margin-bottom: 10px;""><strong>Co-Principal Investigator:</strong> Dr. Gregory Cox</p>
      <p style=""margin-bottom: 20px;""><strong>IRB Study Number:</strong> STUDY00006288</p>

      <p style=""margin-bottom: 15px;"">I am a student at the University at Albany, in the Department of Psychology. I am planning to conduct a research study, which I invite you to take part in.</p>
      
      <p style=""margin-bottom: 25px;"">This form has important information about the reasons for doing this study, what we will ask you to do, and the way we would like to use the information we collect about you.</p>

      <h3 style=""color: #333; font-size: 18px; margin-top: 25px; margin-bottom: 10px; font-weight: bold;"">
        Why are you doing this study?
      </h3>
      <p style=""margin-bottom: 15px;"">You are being asked to participate in a research study that aims to understand if there is a relationship between mindfulness, the ability to pay attention, and life satisfaction.</p>
      
      <p style=""margin-bottom: 25px;"">The purpose of this study is to investigate if having better control over one's attention influences overall life satisfaction. Your participation will help us better understand if mindfulness and attention do have a significant effect on life satisfaction (i.e., how people feel about their lives overall). Then you will be asked to perform a conjunction visual search task to test your capacity to direct your attention over a sustained period.</p>

      <h3 style=""color: #333; font-size: 18px; margin-top: 25px; margin-bottom: 10px; font-weight: bold;"">
        Why am I eligible to participate in this study?
      </h3>
      <p style=""margin-bottom: 25px;"">You are eligible to participate because you are a student at UAlbany, are at least 18 years old, and are proficient in English.</p>

      <h3 style=""color: #333; font-size: 18px; margin-top: 25px; margin-bottom: 10px; font-weight: bold;"">
        What will I do if I choose to be in this study?
      </h3>
      <p style=""margin-bottom: 10px;"">If you choose to take part in our study, you will do the following:</p>
      <p style=""margin-bottom: 8px; margin-left: 20px;"">1. Read and agree to the informed consent.</p>
      <p style=""margin-bottom: 8px; margin-left: 40px;"">a. If you choose not to agree to the informed consent, you will be taken back to the SONA site.</p>
      <p style=""margin-bottom: 8px; margin-left: 20px;"">2. Complete a demographic questionnaire that asks about your age, English proficiency, gender, and race.</p>
      <p style=""margin-bottom: 8px; margin-left: 20px;"">3. Read instructions for the visual search task, which asks you to indicate if a target (a red triangle) is present among various other colored shapes. You should press the ""F"" key if a red triangle is present, or the ""J"" key if the target is absent.</p>
      <p style=""margin-bottom: 8px; margin-left: 20px;"">4. You will be asked to respond to 270 visual search trials, whith the opportunity to take short breaks as you go</p>
      <p style=""margin-bottom: 8px; margin-left: 20px;"">5. You will complete the Mindfulness Attention Awareness Scale (MAAS), the Satisfaction With Life Scale (SWLS), and the Big Five Inventory.</p>
      <p style=""margin-bottom: 25px; margin-left: 20px;"">6.	After all questionnaires are completed, participants will be thanked for their time and will be provided the study debriefing. Following the debriefing, you will be sent back to the SONA research site.</p>

      <h3 style=""color: #333; font-size: 18px; margin-top: 25px; margin-bottom: 10px; font-weight: bold;"">
        For how long will I participate?
      </h3>
      <p style=""margin-bottom: 25px;"">This study is a single online session that you can complete on a computer. The study can be completed in less than 30 minutes but could require as long as 45 minutes to complete.</p>

      <h3 style=""color: #333; font-size: 18px; margin-top: 25px; margin-bottom: 10px; font-weight: bold;"">
        Where will I need to go to participate?
      </h3>
      <p style=""margin-bottom: 25px;"">All study procedures will take place online and can be completed wherever you have internet connection.</p>

      <h3 style=""color: #333; font-size: 18px; margin-top: 25px; margin-bottom: 10px; font-weight: bold;"">
        Are there any costs I should be aware of?
      </h3>
      <p style=""margin-bottom: 25px;"">Participation is not expected to incur cost to participants. Free internet access is available anywhere on campus and in the university library.</p>

      <h3 style=""color: #333; font-size: 18px; margin-top: 25px; margin-bottom: 10px; font-weight: bold;"">
        What are the possible risks or discomforts?
      </h3>
      <p style=""margin-bottom: 15px;"">As with all research, there is a chance that confidentiality of the information we collect from you could be breached – we will take steps to minimize this risk, as discussed in more detail below.</p>
      
      <p style=""margin-bottom: 25px;"">The risks associated with participating in this study are minimal; however, you may experience mild discomfort when reflecting on your mindfulness or life satisfaction when answering questionnaires in the study. To help minimize this, you can withdraw from the study at any time without any consequences. The study will take place online, and you will have the opportunity to take breaks while completing the survey to reduce the risk of eye strain associated with the use of electronic devices.</p>

      <h3 style=""color: #333; font-size: 18px; margin-top: 25px; margin-bottom: 10px; font-weight: bold;"">
        What are the possible benefits for me or others?
      </h3>
      <p style=""margin-bottom: 25px;"">While there are no direct personal benefits to participants of this study, you may find value in reflecting on your mindfulness, attention, and its impact on life satisfaction by completing this survey. The data you contribute may help advance society's understanding of how mindfulness and attention relate to overall well-being, potentially informing future programs or interventions aimed at improving student mental health, attention, and life satisfaction.</p>

      <h3 style=""color: #333; font-size: 18px; margin-top: 25px; margin-bottom: 10px; font-weight: bold;"">
        Will I receive compensation for my participation?
      </h3>
      <p style=""margin-bottom: 25px;"">SONA partial class credit will be awarded via the Psychology Department SONA research pool after you complete the survey in its entirety. Participants who withdraw before completing the survey will not receive partial credit. You will not receive monetary compensation for your participation in this study.</p>

      <h3 style=""color: #333; font-size: 18px; margin-top: 25px; margin-bottom: 10px; font-weight: bold;"">
        How will you protect the information you collect about me, and how will that information be shared?
      </h3>
      <p style=""margin-bottom: 15px;"">Results of this study may be used in publications and presentations. Your data will be handled as confidentially as possible, and no identifiable information will be collected to link your data back to you. If results of this study are published or presented, only de-identified summaries of data will be used.</p>
      
      <p style=""margin-bottom: 25px;"">To minimize the risks to confidentiality, all data will be collected anonymously via Pavlovia.org which uses encryption to protect information (https://pavlovia.org/docs/home/ethics). Only the student researcher (Ella Bremmer), mentor (Pierce Johnson), and faculty advisor (Gregory Cox) will have password-protected access to the data. Data will be stored on secure, university approved computers.</p>

      <h3 style=""color: #333; font-size: 18px; margin-top: 25px; margin-bottom: 10px; font-weight: bold;"">
        Will my data be used in future research?
      </h3>
      <p style=""margin-bottom: 25px;"">No personal identifiers will be collected in the data you provide us. Data will not be used in future research, and will be deleted after the required retention period.</p>

      <h3 style=""color: #333; font-size: 18px; margin-top: 25px; margin-bottom: 10px; font-weight: bold;"">
        What are my rights as a research participant?
      </h3>
      <p style=""margin-bottom: 15px;"">Participation in this study is voluntary. You do not have to answer any question you do not want to answer. If at any time and for any reason, you would prefer not to participate in this study, please feel free not to. If at any time you would like to stop participating, you are welcome to stop. You can take a break or stop altogether. You may withdraw from this study at any time, and you will not be penalized in any way for deciding to stop participation.</p>
      
      <p style=""margin-bottom: 25px;"">If you decide to withdraw from this study, any information collected from you before withdrawing will not be used, and your data will be deleted.</p>

      <h3 style=""color: #333; font-size: 18px; margin-top: 25px; margin-bottom: 10px; font-weight: bold;"">
        What if I am a University at Albany student or employee?
      </h3>
      <p style=""margin-bottom: 25px;"">You may choose not to participate or to stop participating in this research at any time. This will not affect your class standing, grades, employment, or any other aspects of your relationship with the University at Albany.</p>

      <h3 style=""color: #333; font-size: 18px; margin-top: 25px; margin-bottom: 10px; font-weight: bold;"">
        Who can I contact if I have questions or concerns about this research study?
      </h3>
      <p style=""margin-bottom: 15px;"">If you have questions, please feel free to stop and email the investigator, Ella Bremmer (ebremmer@albany.edu) or advisors, Pierce Johnson (pjohnson4@albany.edu) and Dr. Greg Cox (gecox@albany.edu). If you have questions later, you may also contact the researchers.</p>
      
      <p style=""margin-bottom: 10px;"">If you have any questions about your rights as a participant in this research, you can contact the following office at the University at Albany:</p>
      
      <p style=""margin-bottom: 5px; margin-left: 20px;"">Institutional Review Board</p>
      <p style=""margin-bottom: 5px; margin-left: 20px;"">University at Albany</p>
      <p style=""margin-bottom: 5px; margin-left: 20px;"">Office of Regulatory and Research Compliance</p>
      <p style=""margin-bottom: 5px; margin-left: 20px;"">1400 Washington Ave, Biology 227</p>
      <p style=""margin-bottom: 5px; margin-left: 20px;"">Albany, NY 12222</p>
      <p style=""margin-bottom: 5px; margin-left: 20px;"">Phone: 1-866-857-5459</p>
      <p style=""margin-bottom: 25px; margin-left: 20px;"">Email: rco@albany.edu</p>

      <h3 style=""color: #333; font-size: 18px; margin-top: 30px; margin-bottom: 10px; font-weight: bold;"">
        Consent
      </h3>
      <p style=""margin-bottom: 20px;"">I have read this form and the research study has been explained to me. I have been given the opportunity to ask questions and my questions have been answered. If I have additional questions, I have been told whom to contact. I agree to participate in the research study described above. I understand that I have the opportunity to download and save a copy of this form for my records.</p>

      <div style=""background-color: #f9f9f9; border: 2px solid #4CAF50; border-radius: 5px; padding: 20px; margin-top: 20px; margin-bottom: 20px;"">
        <p style=""margin-bottom: 15px; font-weight: bold;"">To save a copy of this consent form for your records, press Ctrl+P (Windows/Linux) or Cmd+P (Mac) and select ""Save as PDF"".</p>
        <p style=""margin-bottom: 0; font-weight: bold;"">By clicking ""I Agree"" below, I confirm that I agree to participate in the research study described above, and that doing so serves as my written signature consenting to take part in the study.</p>
      </div>
    </div>
  ","0","true","","","","","","","","","","","","","","","",""
"instructions","3","2.1.0","5814","77648","intro_instructions","1712","","","","j","[{""page_index"":0,""viewing_time"":1712}]","","","","","","","","","","","","","",""
"html-keyboard-response","4","2.1.0","7826","77648","intermediate_slide_demo","null","<p style=""font-size:4vw"">Demographic Questionnaire</p>","null","","","","","","","","","","","","","","","","",""
"survey-multi-choice","5","2.1.0","10170","77648","demographics_english","2342","","{""english"":""Strongly agree""}","","","","[0]","","","","","","","","","","","","",""
"survey-text","7","2.1.0","12200","77648","demographics_age","2020","","{""age"":""19""}","","","","","","","","","","","","","","","","",""
"survey-multi-select","9","2.1.0","17083","77648","demographics_gender","4877","","{""gender"":[""Woman""]}","","","","[0]","","","","","","","","","","","","",""
"survey-multi-choice","11","2.1.0","26740","77648","demographics_race","9654","","{""race"":""White or Caucasian""}","","","","[0]","","","","","","","","","","","","",""
"html-keyboard-response","12","2.1.0","28754","77648","intermediate_slide_VS","null","<p style=""font-size:4vw"">Visual Search Task</p>","null","","","","","","","","","","","","","","","","",""
"preload","13","2.1.0","29173","77648","image_preload","","","","","","","","true","false","[]","[]","[]","","","","","","","",""
"html-button-response","14","2.1.0","42999","77648","vs_instructions","13824","<p>On the following screens, you will see a series of colored shapes (triangles, squares, and circles) appear.</p>
    <p>Please Press 'F' if there <strong>is</strong> a red triangle among the shapes you see.</p>
    <p>Press 'J' if there is <strong>not</strong> a red triangle among the shapes you see.</p>","0","","","","","","","","","","","","","","","","",""
"visual-search-circle","15","2.2.0","46982","77648","visual_search_trial","2463","","f","","","","","","","","","","null","blue_triangle","0","[""images/Red_Triangle.png"",""images/Blue_Triangle.png"",""images/Blue_Triangle.png""]","true","[[165,6],[2,148],[207,219]]","true",""
"visual-search-circle","16","2.2.0","49330","77648","visual_search_trial","841","","f","","","","","","","","","","null","red_circle","0","[""images/Red_Triangle.png"",""images/Red_Circle.png"",""images/Red_Circle.png"",""images/Red_Circle.png"",""images/Red_Circle.png"",""images/Red_Circle.png""]","true","[[23,198],[138,249],[239,175],[226,51],[111,0],[10,74]]","true",""
"visual-search-circle","17","2.2.0","51683","77648","visual_search_trial","845","","f","","","","","","","","","","null","red_blue_mix","0","[""images/Red_Triangle.png"",""images/Red_Circle.png"",""images/Red_Circle.png"",""images/Blue_Circle.png"",""images/Blue_Triangle.png"",""images/Blue_Triangle.png""]","true","[[214,38],[94,3],[4,90],[35,211],[155,246],[245,159]]","true",""
"visual-search-circle","18","2.2.0","54153","77648","visual_search_trial","963","","j","","","","","","","","","","null","red_circle","0","[""images/Red_Circle.png"",""images/Red_Circle.png"",""images/Red_Circle.png"",""images/Red_Circle.png"",""images/Red_Circle.png"",""images/Red_Circle.png""]","true","[[135,0],[22,53],[11,177],[114,249],[227,196],[238,72]]","false",""
"visual-search-circle","19","2.2.0","56776","77648","visual_search_trial","1110","","f","","","","","","","","","","null","blue_triangle","0","[""images/Red_Triangle.png"",""images/Blue_Triangle.png"",""images/Blue_Triangle.png"",""images/Blue_Triangle.png"",""images/Blue_Triangle.png"",""images/Blue_Triangle.png"",""images/Blue_Triangle.png"",""images/Blue_Triangle.png"",""images/Blue_Triangle.png""]","true","[[22,196],[92,245],[177,238],[238,177],[245,92],[196,22],[114,0],[36,36],[0,114]]","true",""
"visual-search-circle","20","2.2.0","59289","77648","visual_search_trial","1007","","j","","","","","","","","","","null","red_blue_mix","0","[""images/Red_Circle.png"",""images/Red_Circle.png"",""images/Blue_Circle.png"",""images/Blue_Circle.png"",""images/Red_Circle.png"",""images/Blue_Circle.png""]","true","[[62,233],[187,233],[250,125],[187,16],[62,16],[0,124]]","false",""
"visual-search-circle","21","2.2.0","61665","77648","visual_search_trial","858","","f","","","","","","","","","","null","red_circle","0","[""images/Red_Triangle.png"",""images/Red_Circle.png"",""images/Red_Circle.png"",""images/Red_Circle.png"",""images/Red_Circle.png"",""images/Red_Circle.png"",""images/Red_Circle.png"",""images/Red_Circle.png"",""images/Red_Circle.png""]","true","[[181,236],[240,173],[244,88],[193,20],[109,0],[33,39],[0,118],[25,200],[96,246]]","true",""
"visual-search-circle","22","2.2.0","64214","77648","visual_search_trial","1032","","f","","","","","","","","","","null","red_blue_mix","0","[""images/Red_Triangle.png"",""images/Blue_Triangle.png"",""images/Red_Circle.png"",""images/Red_Circle.png"",""images/Blue_Triangle.png"",""images/Blue_Circle.png"",""images/Red_Circle.png"",""images/Blue_Triangle.png"",""images/Blue_Triangle.png""]","true","[[249,111],[211,35],[133,0],[51,23],[3,94],[12,179],[74,239],[159,245],[228,194]]","true",""
"visual-search-circle","23","2.2.0","66472","77648","visual_search_trial","751","","j","","","","","","","","","","null","red_circle","0","[""images/Red_Circle.png"",""images/Red_Circle.png"",""images/Red_Circle.png""]","true","[[16,187],[233,187],[125,0]]","false",""
"visual-search-circle","24","2.2.0","69124","77648","visual_search_trial","1142","","j","","","","","","","","","","null","blue_triangle","0","[""images/Blue_Triangle.png"",""images/Blue_Triangle.png"",""images/Blue_Triangle.png"",""images/Blue_Triangle.png"",""images/Blue_Triangle.png"",""images/Blue_Triangle.png"",""images/Blue_Triangle.png"",""images/Blue_Triangle.png"",""images/Blue_Triangle.png""]","true","[[247,99],[201,26],[120,0],[41,32],[1,107],[18,191],[86,243],[171,240],[235,183]]","false",""
"visual-search-circle","25","2.2.0","71350","77648","visual_search_trial","712","","j","","","","","","","","","","null","red_circle","0","[""images/Red_Circle.png"",""images/Red_Circle.png"",""images/Red_Circle.png"",""images/Red_Circle.png"",""images/Red_Circle.png"",""images/Red_Circle.png"",""images/Red_Circle.png"",""images/Red_Circle.png"",""images/Red_Circle.png""]","true","[[228,194],[249,111],[211,35],[133,0],[51,23],[3,94],[12,179],[74,239],[159,245]]","false",""
"visual-search-circle","26","2.2.0","73691","77648","visual_search_trial","827","","f","","","","","","","","","","null","blue_triangle","0","[""images/Red_Triangle.png"",""images/Blue_Triangle.png"",""images/Blue_Triangle.png"",""images/Blue_Triangle.png"",""images/Blue_Triangle.png"",""images/Blue_Triangle.png""]","true","[[4,159],[94,246],[214,211],[245,90],[155,3],[35,38]]","true",""
"visual-search-circle","27","2.2.0","76650","77648","visual_search_trial","1453","","j","","","","","","","","","","null","red_blue_mix","0","[""images/Blue_Triangle.png"",""images/Blue_Circle.png"",""images/Blue_Circle.png"",""images/Blue_Circle.png"",""images/Blue_Triangle.png"",""images/Red_Circle.png"",""images/Blue_Circle.png"",""images/Blue_Triangle.png"",""images/Blue_Triangle.png""]","true","[[66,235],[150,247],[223,201],[249,120],[217,41],[142,1],[58,18],[6,86],[9,171]]","false",""
"visual-search-circle","28","2.2.0","78919","77648","visual_search_trial","756","","j","","","","","","","","","","null","blue_triangle","0","[""images/Blue_Triangle.png"",""images/Blue_Triangle.png"",""images/Blue_Triangle.png""]","true","[[88,5],[39,216],[246,153]]","false",""
"visual-search-circle","29","2.2.0","81340","77648","visual_search_trial","916","","j","","","","","","","","","","null","red_blue_mix","0","[""images/Blue_Circle.png"",""images/Blue_Circle.png"",""images/Blue_Triangle.png""]","true","[[12,70],[133,249],[228,55]]","false",""
"visual-search-circle","30","2.2.0","83682","77648","visual_search_trial","839","","f","","","","","","","","","","null","red_circle","0","[""images/Red_Triangle.png"",""images/Red_Circle.png"",""images/Red_Circle.png""]","true","[[249,122],[60,17],[64,234]]","true",""
"visual-search-circle","31","2.2.0","86881","77648","visual_search_trial","1695","","f","","","","","","","","","","null","red_blue_mix","0","[""images/Red_Triangle.png"",""images/Blue_Triangle.png"",""images/Red_Circle.png""]","true","[[223,201],[142,1],[9,171]]","true",""
"visual-search-circle","32","2.2.0","89115","77648","visual_search_trial","721","","j","","","","","","","","","","null","blue_triangle","0","[""images/Blue_Triangle.png"",""images/Blue_Triangle.png"",""images/Blue_Triangle.png"",""images/Blue_Triangle.png"",""images/Blue_Triangle.png"",""images/Blue_Triangle.png""]","true","[[70,12],[0,116],[55,228],[179,237],[249,133],[194,21]]","false",""
"visual-search-circle","33","2.2.0","91392","77648","visual_search_trial","771","","j","","","","","","","","","","null","blue_triangle","1","[""images/Blue_Triangle.png"",""images/Blue_Triangle.png"",""images/Blue_Triangle.png"",""images/Blue_Triangle.png"",""images/Blue_Triangle.png"",""images/Blue_Triangle.png""]","true","[[189,17],[64,15],[0,122],[60,232],[185,234],[249,127]]","false",""
"visual-search-circle","34","2.2.0","93688","77648","visual_search_trial","788","","f","","","","","","","","","","null","red_circle","1","[""images/Red_Triangle.png"",""images/Red_Circle.png"",""images/Red_Circle.png""]","true","[[120,249],[235,66],[18,58]]","true",""
"visual-search-circle","35","2.2.0","96099","77648","visual_search_trial","905","","j","","","","","","","","","","null","red_blue_mix","1","[""images/Blue_Circle.png"",""images/Blue_Circle.png"",""images/Blue_Circle.png"",""images/Red_Circle.png"",""images/Blue_Circle.png"",""images/Blue_Triangle.png""]","true","[[8,169],[105,248],[222,203],[241,80],[144,1],[27,46]]","false",""
"visual-search-circle","36","2.2.0","98464","77648","visual_search_trial","852","","f","","","","","","","","","","null","blue_triangle","1","[""images/Red_Triangle.png"",""images/Blue_Triangle.png"",""images/Blue_Triangle.png"",""images/Blue_Triangle.png"",""images/Blue_Triangle.png"",""images/Blue_Triangle.png"",""images/Blue_Triangle.png"",""images/Blue_Triangle.png"",""images/Blue_Triangle.png""]","true","[[70,12],[10,74],[4,159],[55,228],[138,249],[214,211],[249,133],[226,51],[155,3]]","true",""
"visual-search-circle","37","2.2.0","101055","77648","visual_search_trial","1074","","f","","","","","","","","","","null","red_blue_mix","1","[""images/Red_Triangle.png"",""images/Blue_Triangle.png"",""images/Red_Circle.png"",""images/Blue_Circle.png"",""images/Blue_Circle.png"",""images/Blue_Triangle.png""]","true","[[3,155],[90,245],[211,214],[246,94],[159,4],[38,35]]","true",""
"visual-search-circle","38","2.2.0","103291","77648","visual_search_trial","730","","j","","","","","","","","","","null","blue_triangle","1","[""images/Blue_Triangle.png"",""images/Blue_Triangle.png"",""images/Blue_Triangle.png""]","true","[[211,214],[159,4],[3,155]]","false",""
"visual-search-circle","39","2.2.0","105653","77648","visual_search_trial","857","","f","","","","","","","","","","null","red_circle","1","[""images/Red_Triangle.png"",""images/Red_Circle.png"",""images/Red_Circle.png"",""images/Red_Circle.png"",""images/Red_Circle.png"",""images/Red_Circle.png""]","true","[[249,129],[191,18],[66,14],[0,120],[58,231],[183,235]]","true",""
"visual-search-circle","40","2.2.0","107962","77648","visual_search_trial","801","","f","","","","","","","","","","null","red_blue_mix","1","[""images/Red_Triangle.png"",""images/Blue_Triangle.png"",""images/Red_Circle.png""]","true","[[4,90],[155,246],[214,38]]","true",""
"visual-search-circle","41","2.2.0","110240","77648","visual_search_trial","771","","j","","","","","","","","","","null","red_circle","1","[""images/Red_Circle.png"",""images/Red_Circle.png"",""images/Red_Circle.png""]","true","[[248,103],[44,29],[82,242]]","false",""
"visual-search-circle","42","2.2.0","112423","77648","visual_search_trial","676","","j","","","","","","","","","","null","blue_triangle","1","[""images/Blue_Triangle.png"",""images/Blue_Triangle.png"",""images/Blue_Triangle.png"",""images/Blue_Triangle.png"",""images/Blue_Triangle.png"",""images/Blue_Triangle.png"",""images/Blue_Triangle.png"",""images/Blue_Triangle.png"",""images/Blue_Triangle.png""]","true","[[191,231],[243,163],[240,78],[183,14],[99,2],[26,48],[0,129],[32,208],[107,248]]","false",""
"visual-search-circle","43","2.2.0","114754","77648","visual_search_trial","827","","j","","","","","","","","","","null","red_circle","1","[""images/Red_Circle.png"",""images/Red_Circle.png"",""images/Red_Circle.png"",""images/Red_Circle.png"",""images/Red_Circle.png"",""images/Red_Circle.png""]","true","[[185,15],[60,17],[0,127],[64,234],[189,232],[249,122]]","false",""
"visual-search-circle","44","2.2.0","117205","77648","visual_search_trial","943","","f","","","","","","","","","","null","red_blue_mix","1","[""images/Red_Triangle.png"",""images/Blue_Circle.png"",""images/Blue_Triangle.png"",""images/Blue_Triangle.png"",""images/Red_Circle.png"",""images/Blue_Circle.png"",""images/Red_Circle.png"",""images/Red_Circle.png"",""images/Blue_Triangle.png""]","true","[[80,8],[15,64],[2,148],[46,222],[127,249],[207,219],[248,144],[232,60],[165,6]]","true",""
"visual-search-circle","45","2.2.0","119607","77648","visual_search_trial","896","","j","","","","","","","","","","null","red_circle","1","[""images/Red_Circle.png"",""images/Red_Circle.png"",""images/Red_Circle.png"",""images/Red_Circle.png"",""images/Red_Circle.png"",""images/Red_Circle.png"",""images/Red_Circle.png"",""images/Red_Circle.png"",""images/Red_Circle.png""]","true","[[163,243],[231,191],[248,107],[208,32],[129,0],[48,26],[2,99],[14,183],[78,240]]","false",""
"visual-search-circle","46","2.2.0","122555","77648","visual_search_trial","1443","","f","","","","","","","","","","null","blue_triangle","1","[""images/Red_Triangle.png"",""images/Blue_Triangle.png"",""images/Blue_Triangle.png""]","true","[[243,163],[99,2],[32,208]]","true",""
"visual-search-circle","47","2.2.0","125425","77648","visual_search_trial","1363","","f","","","","","","","","","","null","red_circle","1","[""images/Red_Triangle.png"",""images/Red_Circle.png"",""images/Red_Circle.png"",""images/Red_Circle.png"",""images/Red_Circle.png"",""images/Red_Circle.png"",""images/Red_Circle.png"",""images/Red_Circle.png"",""images/Red_Circle.png""]","true","[[39,33],[0,109],[20,193],[88,244],[173,240],[236,181],[246,96],[200,25],[118,0]]","true",""
"visual-search-circle","48","2.2.0","127660","77648","visual_search_trial","731","","j","","","","","","","","","","null","red_blue_mix","1","[""images/Red_Circle.png"",""images/Red_Circle.png"",""images/Red_Circle.png""]","true","[[240,76],[25,49],[109,249]]","false",""
"visual-search-circle","49","2.2.0","130536","77648","visual_search_trial","1367","","f","","","","","","","","","","null","blue_triangle","1","[""images/Red_Triangle.png"",""images/Blue_Triangle.png"",""images/Blue_Triangle.png"",""images/Blue_Triangle.png"",""images/Blue_Triangle.png"",""images/Blue_Triangle.png""]","true","[[20,193],[131,249],[236,181],[229,56],[118,0],[13,68]]","true",""
"visual-search-circle","50","2.2.0","133371","77648","visual_search_trial","1325","","j","","","","","","","","","","null","red_blue_mix","1","[""images/Blue_Circle.png"",""images/Blue_Triangle.png"",""images/Red_Circle.png"",""images/Blue_Triangle.png"",""images/Red_Circle.png"",""images/Blue_Triangle.png"",""images/Blue_Circle.png"",""images/Blue_Circle.png"",""images/Red_Circle.png""]","true","[[82,242],[167,242],[233,187],[248,103],[205,29],[125,0],[44,29],[1,103],[16,187]]","false",""
"html-keyboard-response","51","2.1.0","149755","77648","break","16382","<p>Great job so far! Please rest for a few seconds before continuing.</p>
                 <p>Press the <strong>N</strong> key on your keyboard to continue.</p>","n","","","","","","","","","","","","","","","","","N"
"visual-search-circle","52","2.2.0","152519","77648","visual_search_trial","1259","","f","","","","","","","","","","null","blue_triangle","2","[""images/Red_Triangle.png"",""images/Blue_Triangle.png"",""images/Blue_Triangle.png""]","true","[[42,219],[247,148],[84,6]]","true",""
"visual-search-circle","53","2.2.0","154686","77648","visual_search_trial","661","","f","","","","","","","","","","null","red_blue_mix","2","[""images/Red_Triangle.png"",""images/Red_Circle.png"",""images/Red_Circle.png""]","true","[[133,0],[12,179],[228,194]]","true",""
"visual-search-circle","54","2.2.0","156829","77648","visual_search_trial","635","","j","","","","","","","","","","null","red_circle","2","[""images/Red_Circle.png"",""images/Red_Circle.png"",""images/Red_Circle.png"",""images/Red_Circle.png"",""images/Red_Circle.png"",""images/Red_Circle.png""]","true","[[214,211],[245,90],[155,3],[35,38],[4,159],[94,246]]","false",""
"visual-search-circle","55","2.2.0","159318","77648","visual_search_trial","983","","j","","","","","","","","","","null","red_blue_mix","2","[""images/Red_Circle.png"",""images/Blue_Circle.png"",""images/Blue_Triangle.png"",""images/Blue_Circle.png"",""images/Red_Circle.png"",""images/Blue_Triangle.png"",""images/Blue_Circle.png"",""images/Blue_Triangle.png"",""images/Blue_Circle.png""]","true","[[231,191],[248,107],[208,32],[129,0],[48,26],[2,99],[14,183],[78,240],[163,243]]","false",""
"visual-search-circle","56","2.2.0","161704","77648","visual_search_trial","875","","j","","","","","","","","","","null","blue_triangle","2","[""images/Blue_Triangle.png"",""images/Blue_Triangle.png"",""images/Blue_Triangle.png"",""images/Blue_Triangle.png"",""images/Blue_Triangle.png"",""images/Blue_Triangle.png"",""images/Blue_Triangle.png"",""images/Blue_Triangle.png"",""images/Blue_Triangle.png""]","true","[[1,103],[16,187],[82,242],[167,242],[233,187],[248,103],[205,29],[125,0],[44,29]]","false",""
"visual-search-circle","57","2.2.0","163854","77648","visual_search_trial","645","","j","","","","","","","","","","null","red_circle","2","[""images/Red_Circle.png"",""images/Red_Circle.png"",""images/Red_Circle.png""]","true","[[48,26],[78,240],[248,107]]","false",""
"visual-search-circle","58","2.2.0","166085","77648","visual_search_trial","728","","j","","","","","","","","","","null","red_blue_mix","2","[""images/Blue_Triangle.png"",""images/Blue_Triangle.png"",""images/Blue_Circle.png""]","true","[[240,171],[107,1],[26,201]]","false",""
"visual-search-circle","59","2.2.0","168501","77648","visual_search_trial","907","","f","","","","","","","","","","null","blue_triangle","2","[""images/Red_Triangle.png"",""images/Blue_Triangle.png"",""images/Blue_Triangle.png"",""images/Blue_Triangle.png"",""images/Blue_Triangle.png"",""images/Blue_Triangle.png"",""images/Blue_Triangle.png"",""images/Blue_Triangle.png"",""images/Blue_Triangle.png""]","true","[[177,11],[92,4],[22,53],[0,135],[36,213],[114,249],[196,227],[245,157],[238,72]]","true",""
"visual-search-circle","60","2.2.0","171162","77648","visual_search_trial","1153","","j","","","","","","","","","","null","red_blue_mix","2","[""images/Blue_Triangle.png"",""images/Red_Circle.png"",""images/Blue_Triangle.png"",""images/Blue_Circle.png"",""images/Red_Circle.png"",""images/Red_Circle.png""]","true","[[3,96],[39,216],[161,244],[246,153],[210,33],[88,5]]","false",""
"visual-search-circle","61","2.2.0","173546","77648","visual_search_trial","873","","f","","","","","","","","","","null","red_circle","2","[""images/Red_Triangle.png"",""images/Red_Circle.png"",""images/Red_Circle.png"",""images/Red_Circle.png"",""images/Red_Circle.png"",""images/Red_Circle.png"",""images/Red_Circle.png"",""images/Red_Circle.png"",""images/Red_Circle.png""]","true","[[0,118],[25,200],[96,246],[181,236],[240,173],[244,88],[193,20],[109,0],[33,39]]","true",""
"visual-search-circle","62","2.2.0","176307","77648","visual_search_trial","1239","","f","","","","","","","","","","null","red_blue_mix","2","[""images/Red_Triangle.png"",""images/Blue_Triangle.png"",""images/Red_Circle.png"",""images/Blue_Triangle.png"",""images/Red_Circle.png"",""images/Blue_Circle.png"",""images/Blue_Circle.png"",""images/Blue_Triangle.png"",""images/Red_Circle.png""]","true","[[155,3],[70,12],[10,74],[4,159],[55,228],[138,249],[214,211],[249,133],[226,51]]","true",""
"visual-search-circle","63","2.2.0","178718","77648","visual_search_trial","905","","f","","","","","","","","","","null","red_circle","2","[""images/Red_Triangle.png"",""images/Red_Circle.png"",""images/Red_Circle.png"",""images/Red_Circle.png"",""images/Red_Circle.png"",""images/Red_Circle.png""]","true","[[0,127],[64,234],[189,232],[249,122],[185,15],[60,17]]","true",""
"visual-search-circle","64","2.2.0","181261","77648","visual_search_trial","1036","","f","","","","","","","","","","null","red_blue_mix","2","[""images/Red_Triangle.png"",""images/Blue_Circle.png"",""images/Blue_Circle.png"",""images/Blue_Circle.png"",""images/Red_Circle.png"",""images/Blue_Circle.png""]","true","[[239,74],[138,0],[23,51],[10,175],[111,249],[226,198]]","true",""
"visual-search-circle","65","2.2.0","185586","77648","visual_search_trial","2819","","j","","","","","","","","","","null","blue_triangle","2","[""images/Blue_Triangle.png"",""images/Blue_Triangle.png"",""images/Blue_Triangle.png"",""images/Blue_Triangle.png"",""images/Blue_Triangle.png"",""images/Blue_Triangle.png""]","true","[[99,247],[217,208],[243,86],[150,2],[32,41],[6,163]]","false",""
"visual-search-circle","66","2.2.0","187929","77648","visual_search_trial","837","","j","","","","","","","","","","null","red_circle","2","[""images/Red_Circle.png"",""images/Red_Circle.png"",""images/Red_Circle.png"",""images/Red_Circle.png"",""images/Red_Circle.png"",""images/Red_Circle.png"",""images/Red_Circle.png"",""images/Red_Circle.png"",""images/Red_Circle.png""]","true","[[242,82],[187,16],[103,1],[29,44],[0,125],[29,205],[103,248],[187,233],[242,167]]","false",""
"visual-search-circle","67","2.2.0","190267","77648","visual_search_trial","834","","f","","","","","","","","","","null","blue_triangle","2","[""images/Red_Triangle.png"",""images/Blue_Triangle.png"",""images/Blue_Triangle.png"",""images/Blue_Triangle.png"",""images/Blue_Triangle.png"",""images/Blue_Triangle.png""]","true","[[219,42],[101,2],[6,84],[30,207],[148,247],[243,165]]","true",""
"visual-search-circle","68","2.2.0","192384","77648","visual_search_trial","611","","f","","","","","","","","","","null","red_circle","2","[""images/Red_Triangle.png"",""images/Red_Circle.png"",""images/Red_Circle.png""]","true","[[201,223],[171,9],[1,142]]","true",""
"visual-search-circle","69","2.2.0","194495","77648","visual_search_trial","603","","j","","","","","","","","","","null","blue_triangle","2","[""images/Blue_Triangle.png"",""images/Blue_Triangle.png"",""images/Blue_Triangle.png""]","true","[[165,243],[207,30],[2,101]]","false",""
"visual-search-circle","70","2.2.0","196850","77648","visual_search_trial","837","","j","","","","","","","","","","null","red_circle","3","[""images/Red_Circle.png"",""images/Red_Circle.png"",""images/Red_Circle.png""]","true","[[148,2],[6,165],[219,207]]","false",""
"visual-search-circle","71","2.2.0","199659","77648","visual_search_trial","1301","","j","","","","","","","","","","null","red_blue_mix","3","[""images/Red_Circle.png"",""images/Blue_Circle.png"",""images/Blue_Triangle.png"",""images/Blue_Circle.png"",""images/Red_Circle.png"",""images/Blue_Triangle.png"",""images/Blue_Circle.png"",""images/Red_Circle.png"",""images/Red_Circle.png""]","true","[[5,88],[9,173],[68,236],[153,246],[224,200],[249,118],[216,39],[140,0],[56,20]]","false",""
"visual-search-circle","72","2.2.0","201926","77648","visual_search_trial","750","","f","","","","","","","","","","null","blue_triangle","3","[""images/Red_Triangle.png"",""images/Blue_Triangle.png"",""images/Blue_Triangle.png"",""images/Blue_Triangle.png"",""images/Blue_Triangle.png"",""images/Blue_Triangle.png"",""images/Blue_Triangle.png"",""images/Blue_Triangle.png"",""images/Blue_Triangle.png""]","true","[[248,103],[205,29],[125,0],[44,29],[1,103],[16,187],[82,242],[167,242],[233,187]]","true",""
"visual-search-circle","73","2.2.0","204525","77648","visual_search_trial","1092","","f","","","","","","","","","","null","red_circle","3","[""images/Red_Triangle.png"",""images/Red_Circle.png"",""images/Red_Circle.png"",""images/Red_Circle.png"",""images/Red_Circle.png"",""images/Red_Circle.png""]","true","[[200,25],[76,9],[0,109],[49,224],[173,240],[249,140]]","true",""
"visual-search-circle","74","2.2.0","207419","77648","visual_search_trial","1387","","f","","","","","","","","","","null","blue_triangle","3","[""images/Red_Triangle.png"",""images/Blue_Triangle.png"",""images/Blue_Triangle.png""]","true","[[72,238],[249,114],[53,22]]","true",""
"visual-search-circle","75","2.2.0","209991","77648","visual_search_trial","1060","","f","","","","","","","","","","null","red_blue_mix","3","[""images/Red_Triangle.png"",""images/Blue_Circle.png"",""images/Blue_Circle.png"",""images/Red_Circle.png"",""images/Blue_Triangle.png"",""images/Blue_Circle.png"",""images/Blue_Circle.png"",""images/Blue_Circle.png"",""images/Blue_Triangle.png""]","true","[[16,187],[82,242],[167,242],[233,187],[248,103],[205,29],[125,0],[44,29],[1,103]]","true",""
"visual-search-circle","76","2.2.0","212272","77648","visual_search_trial","772","","j","","","","","","","","","","null","red_circle","3","[""images/Red_Circle.png"",""images/Red_Circle.png"",""images/Red_Circle.png"",""images/Red_Circle.png"",""images/Red_Circle.png"",""images/Red_Circle.png"",""images/Red_Circle.png"",""images/Red_Circle.png"",""images/Red_Circle.png""]","true","[[248,146],[233,62],[167,7],[82,7],[16,62],[1,146],[44,220],[124,250],[205,220]]","false",""
"visual-search-circle","77","2.2.0","215083","77648","visual_search_trial","1308","","f","","","","","","","","","","null","red_blue_mix","3","[""images/Red_Triangle.png"",""images/Red_Circle.png"",""images/Blue_Triangle.png""]","true","[[0,122],[185,234],[189,17]]","true",""
"visual-search-circle","78","2.2.0","217476","77648","visual_search_trial","885","","f","","","","","","","","","","null","red_circle","3","[""images/Red_Triangle.png"",""images/Red_Circle.png"",""images/Red_Circle.png"",""images/Red_Circle.png"",""images/Red_Circle.png"",""images/Red_Circle.png"",""images/Red_Circle.png"",""images/Red_Circle.png"",""images/Red_Circle.png""]","true","[[144,248],[219,207],[249,127],[222,46],[148,2],[64,15],[8,80],[6,165],[60,232]]","true",""
"visual-search-circle","79","2.2.0","219907","77648","visual_search_trial","917","","j","","","","","","","","","","null","blue_triangle","3","[""images/Blue_Triangle.png"",""images/Blue_Triangle.png"",""images/Blue_Triangle.png""]","true","[[0,125],[187,233],[187,16]]","false",""
"visual-search-circle","80","2.2.0","222088","77648","visual_search_trial","665","","f","","","","","","","","","","null","red_circle","3","[""images/Red_Triangle.png"",""images/Red_Circle.png"",""images/Red_Circle.png""]","true","[[249,127],[64,15],[60,232]]","true",""
"visual-search-circle","81","2.2.0","224740","77648","visual_search_trial","1142","","j","","","","","","","","","","null","blue_triangle","3","[""images/Blue_Triangle.png"",""images/Blue_Triangle.png"",""images/Blue_Triangle.png"",""images/Blue_Triangle.png"",""images/Blue_Triangle.png"",""images/Blue_Triangle.png"",""images/Blue_Triangle.png"",""images/Blue_Triangle.png"",""images/Blue_Triangle.png""]","true","[[167,7],[82,7],[16,62],[1,146],[44,220],[125,250],[205,220],[248,146],[233,62]]","false",""
"visual-search-circle","82","2.2.0","227314","77648","visual_search_trial","1066","","j","","","","","","","","","","null","red_blue_mix","3","[""images/Red_Circle.png"",""images/Red_Circle.png"",""images/Blue_Circle.png""]","true","[[185,15],[0,127],[189,232]]","false",""
"visual-search-circle","83","2.2.0","229869","77648","visual_search_trial","1045","","j","","","","","","","","","","null","blue_triangle","3","[""images/Blue_Triangle.png"",""images/Blue_Triangle.png"",""images/Blue_Triangle.png"",""images/Blue_Triangle.png"",""images/Blue_Triangle.png"",""images/Blue_Triangle.png""]","true","[[155,3],[35,38],[4,159],[94,246],[214,211],[245,90]]","false",""
"visual-search-circle","84","2.2.0","232474","77648","visual_search_trial","1093","","f","","","","","","","","","","null","red_blue_mix","3","[""images/Red_Triangle.png"",""images/Blue_Triangle.png"",""images/Blue_Triangle.png"",""images/Red_Circle.png"",""images/Blue_Circle.png"",""images/Blue_Circle.png""]","true","[[17,189],[127,249],[234,185],[232,60],[122,0],[15,64]]","true",""
"visual-search-circle","85","2.2.0","235424","77648","visual_search_trial","1443","","f","","","","","","","","","","null","blue_triangle","3","[""images/Red_Triangle.png"",""images/Blue_Triangle.png"",""images/Blue_Triangle.png"",""images/Blue_Triangle.png"",""images/Blue_Triangle.png"",""images/Blue_Triangle.png""]","true","[[183,14],[58,18],[0,129],[66,235],[191,231],[249,120]]","true",""
"visual-search-circle","86","2.2.0","237807","77648","visual_search_trial","875","","j","","","","","","","","","","null","red_circle","3","[""images/Red_Circle.png"",""images/Red_Circle.png"",""images/Red_Circle.png"",""images/Red_Circle.png"",""images/Red_Circle.png"",""images/Red_Circle.png""]","true","[[248,103],[167,7],[44,29],[1,146],[82,242],[205,220]]","false",""
"visual-search-circle","87","2.2.0","240542","77648","visual_search_trial","1226","","j","","","","","","","","","","null","red_blue_mix","3","[""images/Red_Circle.png"",""images/Blue_Circle.png"",""images/Red_Circle.png"",""images/Red_Circle.png"",""images/Blue_Triangle.png"",""images/Blue_Triangle.png""]","true","[[191,18],[66,14],[0,120],[58,231],[183,235],[249,129]]","false",""
"html-keyboard-response","88","2.1.0","245402","77648","break","4859","<p>Great job so far! Please rest for a few seconds before continuing.</p>
                 <p>Press the <strong>R</strong> key on your keyboard to continue.</p>","r","","","","","","","","","","","","","","","","","R"
"visual-search-circle","89","2.2.0","248566","77648","visual_search_trial","1658","","f","","","","","","","","","","null","red_circle","4","[""images/Red_Circle.png"",""images/Red_Circle.png"",""images/Red_Circle.png"",""images/Red_Circle.png"",""images/Red_Circle.png"",""images/Red_Circle.png"",""images/Red_Circle.png"",""images/Red_Circle.png"",""images/Red_Circle.png""]","false","[[9,78],[6,163],[58,231],[142,248],[217,208],[249,129],[223,48],[150,2],[66,14]]","false",""
"visual-search-circle","90","2.2.0","250865","77648","visual_search_trial","783","","f","","","","","","","","","","null","red_blue_mix","4","[""images/Red_Triangle.png"",""images/Blue_Triangle.png"",""images/Blue_Circle.png"",""images/Blue_Triangle.png"",""images/Red_Circle.png"",""images/Red_Circle.png""]","true","[[25,49],[9,173],[109,249],[224,200],[240,76],[140,0]]","true",""
"visual-search-circle","91","2.2.0","253222","77648","visual_search_trial","848","","f","","","","","","","","","","null","red_circle","4","[""images/Red_Triangle.png"",""images/Red_Circle.png"",""images/Red_Circle.png""]","true","[[41,32],[86,243],[247,99]]","true",""
"visual-search-circle","92","2.2.0","255416","77648","visual_search_trial","684","","j","","","","","","","","","","null","blue_triangle","4","[""images/Blue_Triangle.png"",""images/Blue_Triangle.png"",""images/Blue_Triangle.png"",""images/Blue_Triangle.png"",""images/Blue_Triangle.png"",""images/Blue_Triangle.png"",""images/Blue_Triangle.png"",""images/Blue_Triangle.png"",""images/Blue_Triangle.png""]","true","[[18,191],[86,243],[171,240],[235,183],[247,99],[201,26],[120,0],[41,32],[1,107]]","false",""
"visual-search-circle","93","2.2.0","257921","77648","visual_search_trial","997","","j","","","","","","","","","","null","red_blue_mix","4","[""images/Blue_Circle.png"",""images/Blue_Circle.png"",""images/Blue_Triangle.png""]","true","[[245,159],[94,3],[35,211]]","false",""
"visual-search-circle","94","2.2.0","260283","77648","visual_search_trial","850","","j","","","","","","","","","","null","blue_triangle","4","[""images/Blue_Triangle.png"",""images/Blue_Triangle.png"",""images/Blue_Triangle.png"",""images/Blue_Triangle.png"",""images/Blue_Triangle.png"",""images/Blue_Triangle.png""]","true","[[99,247],[217,208],[243,86],[150,2],[32,41],[6,163]]","false",""
"visual-search-circle","95","2.2.0","262539","77648","visual_search_trial","743","","f","","","","","","","","","","null","red_blue_mix","4","[""images/Red_Triangle.png"",""images/Blue_Triangle.png"",""images/Blue_Circle.png""]","true","[[248,146],[82,7],[44,220]]","true",""
"visual-search-circle","96","2.2.0","264842","77648","visual_search_trial","786","","j","","","","","","","","","","null","red_circle","4","[""images/Red_Circle.png"",""images/Red_Circle.png"",""images/Red_Circle.png"",""images/Red_Circle.png"",""images/Red_Circle.png"",""images/Red_Circle.png""]","true","[[243,86],[150,2],[32,41],[6,163],[99,247],[217,208]]","false",""
"visual-search-circle","97","2.2.0","267399","77648","visual_search_trial","1040","","f","","","","","","","","","","null","blue_triangle","4","[""images/Red_Triangle.png"",""images/Blue_Triangle.png"",""images/Blue_Triangle.png"",""images/Blue_Triangle.png"",""images/Blue_Triangle.png"",""images/Blue_Triangle.png"",""images/Blue_Triangle.png"",""images/Blue_Triangle.png"",""images/Blue_Triangle.png""]","true","[[49,224],[131,249],[210,216],[249,140],[229,56],[161,5],[76,9],[13,68],[3,153]]","true",""
"visual-search-circle","98","2.2.0","269540","77648","visual_search_trial","636","","f","","","","","","","","","","null","red_circle","4","[""images/Red_Triangle.png"",""images/Red_Circle.png"",""images/Red_Circle.png"",""images/Red_Circle.png"",""images/Red_Circle.png"",""images/Red_Circle.png""]","true","[[159,245],[246,155],[211,35],[90,4],[3,94],[38,214]]","true",""
"visual-search-circle","99","2.2.0","272076","77648","visual_search_trial","1029","","j","","","","","","","","","","null","blue_triangle","4","[""images/Blue_Triangle.png"",""images/Blue_Triangle.png"",""images/Blue_Triangle.png""]","true","[[51,226],[249,138],[74,10]]","false",""
"visual-search-circle","100","2.2.0","274991","77648","visual_search_trial","1409","","j","","","","","","","","","","null","red_blue_mix","4","[""images/Red_Circle.png"",""images/Blue_Triangle.png"",""images/Red_Circle.png"",""images/Blue_Circle.png"",""images/Blue_Triangle.png"",""images/Blue_Circle.png"",""images/Blue_Triangle.png"",""images/Blue_Circle.png"",""images/Blue_Triangle.png""]","true","[[228,55],[159,4],[74,10],[12,70],[3,155],[51,226],[133,249],[211,214],[249,138]]","false",""
"visual-search-circle","101","2.2.0","277564","77648","visual_search_trial","1063","","f","","","","","","","","","","null","blue_triangle","4","[""images/Red_Triangle.png"",""images/Blue_Triangle.png"",""images/Blue_Triangle.png""]","true","[[231,191],[129,0],[14,183]]","true",""
"visual-search-circle","102","2.2.0","281886","77648","visual_search_trial","2805","","f","","","","","","","","","","null","red_blue_mix","4","[""images/Red_Triangle.png"",""images/Red_Circle.png"",""images/Blue_Circle.png"",""images/Blue_Circle.png"",""images/Blue_Triangle.png"",""images/Blue_Triangle.png"",""images/Blue_Circle.png"",""images/Blue_Triangle.png"",""images/Blue_Circle.png""]","true","[[246,94],[198,23],[116,0],[38,35],[0,111],[21,194],[90,245],[175,239],[237,179]]","true",""
"visual-search-circle","103","2.2.0","284369","77648","visual_search_trial","971","","f","","","","","","","","","","null","red_circle","4","[""images/Red_Triangle.png"",""images/Red_Circle.png"",""images/Red_Circle.png"",""images/Red_Circle.png"",""images/Red_Circle.png"",""images/Red_Circle.png"",""images/Red_Circle.png"",""images/Red_Circle.png"",""images/Red_Circle.png""]","true","[[248,146],[233,62],[167,7],[82,7],[16,62],[1,146],[44,220],[124,250],[205,220]]","true",""
"visual-search-circle","104","2.2.0","286519","77648","visual_search_trial","639","","f","","","","","","","","","","null","blue_triangle","4","[""images/Red_Triangle.png"",""images/Blue_Triangle.png"",""images/Blue_Triangle.png"",""images/Blue_Triangle.png"",""images/Blue_Triangle.png"",""images/Blue_Triangle.png""]","true","[[111,249],[226,198],[239,74],[138,0],[23,51],[10,175]]","true",""
"visual-search-circle","105","2.2.0","288838","77648","visual_search_trial","809","","j","","","","","","","","","","null","red_blue_mix","4","[""images/Blue_Triangle.png"",""images/Blue_Circle.png"",""images/Red_Circle.png"",""images/Blue_Triangle.png"",""images/Blue_Triangle.png"",""images/Blue_Triangle.png""]","true","[[8,169],[105,248],[222,203],[241,80],[144,1],[27,46]]","false",""
"visual-search-circle","106","2.2.0","291082","77648","visual_search_trial","727","","j","","","","","","","","","","null","red_circle","4","[""images/Red_Circle.png"",""images/Red_Circle.png"",""images/Red_Circle.png""]","true","[[44,220],[248,146],[82,7]]","false",""
"visual-search-circle","107","2.2.0","293338","77648","visual_search_trial","752","","f","","","","","","","","","","null","red_circle","5","[""images/Red_Triangle.png"",""images/Red_Circle.png"",""images/Red_Circle.png""]","true","[[150,2],[6,163],[217,208]]","true",""
"visual-search-circle","108","2.2.0","295631","77648","visual_search_trial","783","","f","","","","","","","","","","null","red_blue_mix","5","[""images/Red_Triangle.png"",""images/Red_Circle.png"",""images/Blue_Circle.png"",""images/Blue_Circle.png"",""images/Blue_Circle.png"",""images/Red_Circle.png"",""images/Blue_Circle.png"",""images/Blue_Triangle.png"",""images/Blue_Circle.png""]","true","[[84,243],[169,241],[234,185],[247,101],[203,27],[122,0],[42,30],[1,105],[17,189]]","true",""
"visual-search-circle","109","2.2.0","297911","77648","visual_search_trial","772","","j","","","","","","","","","","null","red_circle","5","[""images/Red_Circle.png"",""images/Red_Circle.png"",""images/Red_Circle.png""]","true","[[4,159],[214,211],[155,3]]","false",""
"visual-search-circle","110","2.2.0","300298","77648","visual_search_trial","880","","j","","","","","","","","","","null","blue_triangle","5","[""images/Blue_Triangle.png"",""images/Blue_Triangle.png"",""images/Blue_Triangle.png""]","true","[[82,7],[44,220],[248,146]]","false",""
"visual-search-circle","111","2.2.0","302761","77648","visual_search_trial","956","","f","","","","","","","","","","null","red_blue_mix","5","[""images/Red_Triangle.png"",""images/Blue_Circle.png"",""images/Blue_Circle.png""]","true","[[39,216],[246,153],[88,5]]","true",""
"visual-search-circle","112","2.2.0","305228","77648","visual_search_trial","956","","f","","","","","","","","","","null","blue_triangle","5","[""images/Red_Triangle.png"",""images/Blue_Triangle.png"",""images/Blue_Triangle.png"",""images/Blue_Triangle.png"",""images/Blue_Triangle.png"",""images/Blue_Triangle.png""]","true","[[189,232],[249,122],[185,15],[60,17],[0,127],[64,234]]","true",""
"visual-search-circle","113","2.2.0","307571","77648","visual_search_trial","831","","j","","","","","","","","","","null","red_blue_mix","5","[""images/Blue_Triangle.png"",""images/Blue_Circle.png"",""images/Blue_Circle.png"",""images/Red_Circle.png"",""images/Blue_Triangle.png"",""images/Blue_Triangle.png""]","true","[[94,246],[214,211],[245,90],[155,3],[35,38],[4,159]]","false",""
"visual-search-circle","114","2.2.0","309782","77648","visual_search_trial","702","","f","","","","","","","","","","null","red_circle","5","[""images/Red_Triangle.png"",""images/Red_Circle.png"",""images/Red_Circle.png"",""images/Red_Circle.png"",""images/Red_Circle.png"",""images/Red_Circle.png""]","true","[[7,82],[29,205],[146,248],[242,167],[220,44],[103,1]]","true",""
"visual-search-circle","115","2.2.0","311990","77648","visual_search_trial","700","","j","","","","","","","","","","null","blue_triangle","5","[""images/Blue_Triangle.png"",""images/Blue_Triangle.png"",""images/Blue_Triangle.png"",""images/Blue_Triangle.png"",""images/Blue_Triangle.png"",""images/Blue_Triangle.png"",""images/Blue_Triangle.png"",""images/Blue_Triangle.png"",""images/Blue_Triangle.png""]","true","[[122,249],[203,222],[247,148],[234,64],[169,8],[84,6],[17,60],[1,144],[42,219]]","false",""
"visual-search-circle","116","2.2.0","314264","77648","visual_search_trial","759","","f","","","","","","","","","","null","red_circle","5","[""images/Red_Triangle.png"",""images/Red_Circle.png"",""images/Red_Circle.png"",""images/Red_Circle.png"",""images/Red_Circle.png"",""images/Red_Circle.png"",""images/Red_Circle.png"",""images/Red_Circle.png"",""images/Red_Circle.png""]","true","[[148,2],[64,15],[8,80],[6,165],[60,232],[144,248],[219,207],[249,127],[222,46]]","true",""
"visual-search-circle","117","2.2.0","316754","77648","visual_search_trial","987","","j","","","","","","","","","","null","red_blue_mix","5","[""images/Red_Circle.png"",""images/Red_Circle.png"",""images/Blue_Triangle.png""]","true","[[227,196],[135,0],[11,177]]","false",""
"visual-search-circle","118","2.2.0","319006","77648","visual_search_trial","735","","j","","","","","","","","","","null","blue_triangle","5","[""images/Blue_Triangle.png"",""images/Blue_Triangle.png"",""images/Blue_Triangle.png"",""images/Blue_Triangle.png"",""images/Blue_Triangle.png"",""images/Blue_Triangle.png""]","true","[[92,4],[4,92],[36,213],[157,245],[245,157],[213,36]]","false",""
"visual-search-circle","119","2.2.0","321595","77648","visual_search_trial","1084","","j","","","","","","","","","","null","red_circle","5","[""images/Red_Circle.png"",""images/Red_Circle.png"",""images/Red_Circle.png"",""images/Red_Circle.png"",""images/Red_Circle.png"",""images/Red_Circle.png""]","true","[[163,243],[247,150],[208,32],[86,6],[2,99],[41,217]]","false",""
"visual-search-circle","120","2.2.0","324628","77648","visual_search_trial","1523","","j","","","","","","","","","","null","red_blue_mix","5","[""images/Red_Circle.png"",""images/Red_Circle.png"",""images/Blue_Triangle.png"",""images/Red_Circle.png"",""images/Red_Circle.png"",""images/Blue_Triangle.png"",""images/Blue_Triangle.png"",""images/Blue_Triangle.png"",""images/Blue_Triangle.png""]","true","[[10,74],[4,159],[55,228],[138,249],[214,211],[249,133],[226,51],[155,3],[70,12]]","false",""
"visual-search-circle","121","2.2.0","327004","77648","visual_search_trial","868","","j","","","","","","","","","","null","red_circle","5","[""images/Red_Circle.png"",""images/Red_Circle.png"",""images/Red_Circle.png"",""images/Red_Circle.png"",""images/Red_Circle.png"",""images/Red_Circle.png"",""images/Red_Circle.png"",""images/Red_Circle.png"",""images/Red_Circle.png""]","true","[[138,0],[55,21],[4,90],[10,175],[70,237],[155,246],[226,198],[249,116],[214,38]]","false",""
"visual-search-circle","122","2.2.0","329490","77648","visual_search_trial","969","","f","","","","","","","","","","null","blue_triangle","5","[""images/Red_Triangle.png"",""images/Blue_Triangle.png"",""images/Blue_Triangle.png""]","true","[[146,1],[7,167],[220,205]]","true",""
"visual-search-circle","123","2.2.0","332506","77648","visual_search_trial","1509","","f","","","","","","","","","","null","red_blue_mix","5","[""images/Red_Triangle.png"",""images/Blue_Triangle.png"",""images/Red_Circle.png"",""images/Blue_Triangle.png"",""images/Red_Circle.png"",""images/Blue_Triangle.png""]","true","[[99,2],[6,86],[32,208],[150,247],[243,163],[217,41]]","true",""
"visual-search-circle","124","2.2.0","335072","77648","visual_search_trial","1051","","f","","","","","","","","","","null","blue_triangle","5","[""images/Red_Triangle.png"",""images/Blue_Triangle.png"",""images/Blue_Triangle.png"",""images/Blue_Triangle.png"",""images/Blue_Triangle.png"",""images/Blue_Triangle.png"",""images/Blue_Triangle.png"",""images/Blue_Triangle.png"",""images/Blue_Triangle.png""]","true","[[229,193],[249,109],[210,33],[131,0],[49,25],[3,96],[13,181],[76,240],[161,244]]","true",""
"html-keyboard-response","125","2.1.0","345890","77648","break","10816","<p>Great job so far! Please rest for a few seconds before continuing.</p>
                 <p>Press the <strong>B</strong> key on your keyboard to continue.</p>","b","","","","","","","","","","","","","","","","","B"
"visual-search-circle","126","2.2.0","348280","77648","visual_search_trial","885","","f","","","","","","","","","","null","red_blue_mix","6","[""images/Red_Triangle.png"",""images/Blue_Triangle.png"",""images/Blue_Circle.png"",""images/Red_Circle.png"",""images/Red_Circle.png"",""images/Blue_Circle.png""]","true","[[224,49],[109,0],[9,76],[25,200],[140,249],[240,173]]","true",""
"visual-search-circle","127","2.2.0","350492","77648","visual_search_trial","705","","j","","","","","","","","","","null","red_circle","6","[""images/Red_Circle.png"",""images/Red_Circle.png"",""images/Red_Circle.png"",""images/Red_Circle.png"",""images/Red_Circle.png"",""images/Red_Circle.png""]","true","[[207,219],[247,101],[165,6],[42,30],[2,148],[84,243]]","false",""
"visual-search-circle","128","2.2.0","353392","77648","visual_search_trial","1389","","f","","","","","","","","","","null","blue_triangle","6","[""images/Red_Triangle.png"",""images/Blue_Triangle.png"",""images/Blue_Triangle.png"",""images/Blue_Triangle.png"",""images/Blue_Triangle.png"",""images/Blue_Triangle.png""]","true","[[131,249],[236,181],[229,56],[118,0],[13,68],[20,193]]","true",""
"visual-search-circle","129","2.2.0","355612","77648","visual_search_trial","709","","j","","","","","","","","","","null","red_circle","6","[""images/Red_Circle.png"",""images/Red_Circle.png"",""images/Red_Circle.png""]","true","[[222,203],[144,1],[8,169]]","false",""
"visual-search-circle","130","2.2.0","358114","77648","visual_search_trial","988","","f","","","","","","","","","","null","red_blue_mix","6","[""images/Red_Triangle.png"",""images/Blue_Circle.png"",""images/Red_Circle.png"",""images/Red_Circle.png"",""images/Red_Circle.png"",""images/Blue_Circle.png"",""images/Blue_Triangle.png"",""images/Blue_Triangle.png"",""images/Red_Circle.png""]","true","[[213,213],[249,135],[227,53],[157,4],[72,11],[11,72],[4,157],[53,227],[135,249]]","true",""
"visual-search-circle","131","2.2.0","360428","77648","visual_search_trial","810","","f","","","","","","","","","","null","red_circle","6","[""images/Red_Triangle.png"",""images/Red_Circle.png"",""images/Red_Circle.png""]","true","[[0,118],[181,236],[193,20]]","true",""
"visual-search-circle","132","2.2.0","362861","77648","visual_search_trial","927","","j","","","","","","","","","","null","blue_triangle","6","[""images/Blue_Triangle.png"",""images/Blue_Triangle.png"",""images/Blue_Triangle.png""]","true","[[29,44],[103,248],[242,82]]","false",""
"visual-search-circle","133","2.2.0","365103","77648","visual_search_trial","734","","f","","","","","","","","","","null","red_circle","6","[""images/Red_Triangle.png"",""images/Red_Circle.png"",""images/Red_Circle.png"",""images/Red_Circle.png"",""images/Red_Circle.png"",""images/Red_Circle.png"",""images/Red_Circle.png"",""images/Red_Circle.png"",""images/Red_Circle.png""]","true","[[144,1],[60,17],[6,84],[8,169],[64,234],[148,247],[222,203],[249,122],[219,42]]","true",""
"visual-search-circle","134","2.2.0","367607","77648","visual_search_trial","992","","j","","","","","","","","","","null","blue_triangle","6","[""images/Blue_Triangle.png"",""images/Blue_Triangle.png"",""images/Blue_Triangle.png"",""images/Blue_Triangle.png"",""images/Blue_Triangle.png"",""images/Blue_Triangle.png""]","true","[[243,165],[219,42],[101,2],[6,84],[30,207],[148,247]]","false",""
"visual-search-circle","135","2.2.0","370019","77648","visual_search_trial","907","","f","","","","","","","","","","null","red_blue_mix","6","[""images/Red_Triangle.png"",""images/Red_Circle.png"",""images/Blue_Triangle.png""]","true","[[116,0],[21,194],[237,179]]","true",""
"visual-search-circle","136","2.2.0","372529","77648","visual_search_trial","998","","j","","","","","","","","","","null","blue_triangle","6","[""images/Blue_Triangle.png"",""images/Blue_Triangle.png"",""images/Blue_Triangle.png"",""images/Blue_Triangle.png"",""images/Blue_Triangle.png"",""images/Blue_Triangle.png"",""images/Blue_Triangle.png"",""images/Blue_Triangle.png"",""images/Blue_Triangle.png""]","true","[[88,244],[173,240],[236,181],[246,96],[200,25],[118,0],[39,33],[0,109],[20,193]]","false",""
"visual-search-circle","137","2.2.0","375121","77648","visual_search_trial","1080","","j","","","","","","","","","","null","red_blue_mix","6","[""images/Blue_Circle.png"",""images/Blue_Circle.png"",""images/Blue_Circle.png"",""images/Red_Circle.png"",""images/Red_Circle.png"",""images/Blue_Triangle.png"",""images/Blue_Triangle.png"",""images/Red_Circle.png"",""images/Red_Circle.png""]","true","[[213,36],[135,0],[53,22],[4,92],[11,177],[72,238],[157,245],[227,196],[249,114]]","false",""
"visual-search-circle","138","2.2.0","377817","77648","visual_search_trial","1187","","f","","","","","","","","","","null","blue_triangle","6","[""images/Red_Triangle.png"",""images/Blue_Triangle.png"",""images/Blue_Triangle.png""]","true","[[12,179],[228,194],[133,0]]","true",""
"visual-search-circle","139","2.2.0","380514","77648","visual_search_trial","1190","","j","","","","","","","","","","null","red_circle","6","[""images/Red_Circle.png"",""images/Red_Circle.png"",""images/Red_Circle.png"",""images/Red_Circle.png"",""images/Red_Circle.png"",""images/Red_Circle.png"",""images/Red_Circle.png"",""images/Red_Circle.png"",""images/Red_Circle.png""]","true","[[3,153],[49,224],[131,249],[210,216],[249,140],[229,56],[161,5],[76,9],[13,68]]","false",""
"visual-search-circle","140","2.2.0","383408","77648","visual_search_trial","1387","","j","","","","","","","","","","null","red_blue_mix","6","[""images/Blue_Triangle.png"",""images/Blue_Circle.png"",""images/Red_Circle.png"",""images/Red_Circle.png"",""images/Blue_Circle.png"",""images/Blue_Circle.png""]","true","[[159,245],[246,155],[211,35],[90,4],[3,94],[38,214]]","false",""
"visual-search-circle","141","2.2.0","386309","77648","visual_search_trial","1385","","f","","","","","","","","","","null","blue_triangle","6","[""images/Red_Triangle.png"",""images/Blue_Triangle.png"",""images/Blue_Triangle.png"",""images/Blue_Triangle.png"",""images/Blue_Triangle.png"",""images/Blue_Triangle.png"",""images/Blue_Triangle.png"",""images/Blue_Triangle.png"",""images/Blue_Triangle.png""]","true","[[175,239],[237,179],[246,94],[198,23],[116,0],[38,35],[0,111],[21,194],[90,245]]","true",""
"visual-search-circle","142","2.2.0","388768","77648","visual_search_trial","949","","j","","","","","","","","","","null","red_blue_mix","6","[""images/Red_Circle.png"",""images/Blue_Triangle.png"",""images/Blue_Triangle.png""]","true","[[165,243],[207,30],[2,101]]","false",""
"visual-search-circle","143","2.2.0","394631","77648","visual_search_trial","4354","","f","","","","","","","","","","null","red_circle","6","[""images/Red_Triangle.png"",""images/Red_Circle.png"",""images/Red_Circle.png"",""images/Red_Circle.png"",""images/Red_Circle.png"",""images/Red_Circle.png""]","true","[[105,1],[8,80],[27,203],[144,248],[241,169],[222,46]]","true",""
"visual-search-circle","144","2.2.0","397028","77648","visual_search_trial","893","","j","","","","","","","","","","null","blue_triangle","7","[""images/Blue_Triangle.png"",""images/Blue_Triangle.png"",""images/Blue_Triangle.png""]","true","[[173,240],[200,25],[0,109]]","false",""
"visual-search-circle","145","2.2.0","400290","77648","visual_search_trial","1752","","f","","","","","","","","","","null","red_circle","7","[""images/Red_Circle.png"",""images/Red_Circle.png"",""images/Red_Circle.png"",""images/Red_Circle.png"",""images/Red_Circle.png"",""images/Red_Circle.png"",""images/Red_Circle.png"",""images/Red_Circle.png"",""images/Red_Circle.png""]","false","[[48,223],[129,249],[208,217],[248,142],[231,58],[163,6],[78,9],[14,66],[2,150]]","false",""
"visual-search-circle","146","2.2.0","402794","77648","visual_search_trial","992","","j","","","","","","","","","","null","red_blue_mix","7","[""images/Red_Circle.png"",""images/Blue_Triangle.png"",""images/Red_Circle.png"",""images/Blue_Circle.png"",""images/Blue_Triangle.png"",""images/Blue_Circle.png"",""images/Blue_Triangle.png"",""images/Red_Circle.png"",""images/Red_Circle.png""]","true","[[12,179],[74,239],[159,245],[228,194],[249,111],[211,35],[133,0],[51,23],[3,94]]","false",""
"visual-search-circle","147","2.2.0","405210","77648","visual_search_trial","899","","f","","","","","","","","","","null","red_circle","7","[""images/Red_Triangle.png"",""images/Red_Circle.png"",""images/Red_Circle.png""]","true","[[153,3],[5,161],[216,210]]","true",""
"visual-search-circle","148","2.2.0","407581","77648","visual_search_trial","857","","f","","","","","","","","","","null","blue_triangle","7","[""images/Red_Triangle.png"",""images/Blue_Triangle.png"",""images/Blue_Triangle.png"",""images/Blue_Triangle.png"",""images/Blue_Triangle.png"",""images/Blue_Triangle.png""]","true","[[72,11],[0,114],[53,227],[177,238],[249,135],[196,22]]","true",""
"visual-search-circle","149","2.2.0","413738","77648","visual_search_trial","4653","","f","","","","","","","","","","null","red_blue_mix","7","[""images/Red_Triangle.png"",""images/Blue_Circle.png"",""images/Blue_Triangle.png"",""images/Blue_Circle.png"",""images/Blue_Triangle.png"",""images/Blue_Triangle.png"",""images/Blue_Circle.png"",""images/Blue_Triangle.png"",""images/Blue_Circle.png""]","true","[[238,177],[245,92],[196,22],[114,0],[36,36],[0,114],[22,196],[92,245],[177,238]]","true",""
"visual-search-circle","150","2.2.0","415861","77648","visual_search_trial","605","","f","","","","","","","","","","null","red_circle","7","[""images/Red_Triangle.png"",""images/Red_Circle.png"",""images/Red_Circle.png"",""images/Red_Circle.png"",""images/Red_Circle.png"",""images/Red_Circle.png"",""images/Red_Circle.png"",""images/Red_Circle.png"",""images/Red_Circle.png""]","true","[[249,133],[226,51],[155,3],[70,12],[10,74],[4,159],[55,228],[138,249],[214,211]]","true",""
"visual-search-circle","151","2.2.0","417937","77648","visual_search_trial","573","","f","","","","","","","","","","null","blue_triangle","7","[""images/Red_Triangle.png"",""images/Blue_Triangle.png"",""images/Blue_Triangle.png""]","true","[[99,2],[32,208],[243,163]]","true",""
"visual-search-circle","152","2.2.0","420300","77648","visual_search_trial","854","","f","","","","","","","","","","null","red_blue_mix","7","[""images/Red_Triangle.png"",""images/Blue_Circle.png"",""images/Red_Circle.png"",""images/Blue_Circle.png"",""images/Red_Circle.png"",""images/Blue_Triangle.png""]","true","[[14,66],[18,191],[129,249],[235,183],[231,58],[120,0]]","true",""
"visual-search-circle","153","2.2.0","422571","77648","visual_search_trial","760","","f","","","","","","","","","","null","red_circle","7","[""images/Red_Triangle.png"",""images/Red_Circle.png"",""images/Red_Circle.png"",""images/Red_Circle.png"",""images/Red_Circle.png"",""images/Red_Circle.png""]","true","[[1,144],[80,241],[203,222],[248,105],[169,8],[46,27]]","true",""
"visual-search-circle","154","2.2.0","425024","77648","visual_search_trial","940","","j","","","","","","","","","","null","blue_triangle","7","[""images/Blue_Triangle.png"",""images/Blue_Triangle.png"",""images/Blue_Triangle.png"",""images/Blue_Triangle.png"",""images/Blue_Triangle.png"",""images/Blue_Triangle.png"",""images/Blue_Triangle.png"",""images/Blue_Triangle.png"",""images/Blue_Triangle.png""]","true","[[21,194],[90,245],[175,239],[237,179],[246,94],[198,23],[116,0],[38,35],[0,111]]","false",""
"visual-search-circle","155","2.2.0","427432","77648","visual_search_trial","897","","j","","","","","","","","","","null","red_blue_mix","7","[""images/Blue_Triangle.png"",""images/Red_Circle.png"",""images/Red_Circle.png""]","true","[[129,0],[14,183],[231,191]]","false",""
"visual-search-circle","156","2.2.0","429654","77648","visual_search_trial","718","","j","","","","","","","","","","null","red_circle","7","[""images/Red_Circle.png"",""images/Red_Circle.png"",""images/Red_Circle.png""]","true","[[96,3],[33,210],[244,161]]","false",""
"visual-search-circle","157","2.2.0","431962","77648","visual_search_trial","804","","f","","","","","","","","","","null","red_blue_mix","7","[""images/Red_Triangle.png"",""images/Red_Circle.png"",""images/Blue_Circle.png""]","true","[[62,16],[62,233],[250,125]]","true",""
"visual-search-circle","158","2.2.0","434460","77648","visual_search_trial","991","","f","","","","","","","","","","null","blue_triangle","7","[""images/Red_Triangle.png"",""images/Blue_Triangle.png"",""images/Blue_Triangle.png"",""images/Blue_Triangle.png"",""images/Blue_Triangle.png"",""images/Blue_Triangle.png"",""images/Blue_Triangle.png"",""images/Blue_Triangle.png"",""images/Blue_Triangle.png""]","true","[[148,247],[222,203],[249,122],[219,42],[144,1],[60,17],[6,84],[8,169],[64,234]]","true",""
"visual-search-circle","159","2.2.0","436898","77648","visual_search_trial","934","","j","","","","","","","","","","null","red_blue_mix","7","[""images/Blue_Triangle.png"",""images/Blue_Circle.png"",""images/Blue_Circle.png"",""images/Blue_Triangle.png"",""images/Blue_Circle.png"",""images/Blue_Circle.png""]","true","[[105,248],[222,203],[241,80],[144,1],[27,46],[8,169]]","false",""
"visual-search-circle","160","2.2.0","439337","77648","visual_search_trial","935","","j","","","","","","","","","","null","blue_triangle","7","[""images/Blue_Triangle.png"",""images/Blue_Triangle.png"",""images/Blue_Triangle.png"",""images/Blue_Triangle.png"",""images/Blue_Triangle.png"",""images/Blue_Triangle.png""]","true","[[92,4],[4,92],[36,213],[157,245],[245,157],[213,36]]","false",""
"visual-search-circle","161","2.2.0","441778","77648","visual_search_trial","928","","j","","","","","","","","","","null","red_circle","7","[""images/Red_Circle.png"",""images/Red_Circle.png"",""images/Red_Circle.png"",""images/Red_Circle.png"",""images/Red_Circle.png"",""images/Red_Circle.png""]","true","[[249,131],[193,20],[68,13],[0,118],[56,229],[181,236]]","false",""
"html-keyboard-response","162","2.1.0","475615","77648","break","33836","<p>Great job so far! Please rest for a few seconds before continuing.</p>
                 <p>Press the <strong>I</strong> key on your keyboard to continue.</p>","i","","","","","","","","","","","","","","","","","I"
"visual-search-circle","163","2.2.0","478295","77648","visual_search_trial","1163","","f","","","","","","","","","","null","red_blue_mix","8","[""images/Red_Triangle.png"",""images/Blue_Triangle.png"",""images/Red_Circle.png"",""images/Blue_Triangle.png"",""images/Red_Circle.png"",""images/Blue_Circle.png"",""images/Blue_Circle.png"",""images/Blue_Circle.png"",""images/Red_Circle.png""]","true","[[240,171],[243,86],[191,18],[107,1],[32,41],[0,120],[26,201],[99,247],[183,235]]","true",""
"visual-search-circle","164","2.2.0","480565","77648","visual_search_trial","749","","j","","","","","","","","","","null","blue_triangle","8","[""images/Blue_Triangle.png"",""images/Blue_Triangle.png"",""images/Blue_Triangle.png"",""images/Blue_Triangle.png"",""images/Blue_Triangle.png"",""images/Blue_Triangle.png"",""images/Blue_Triangle.png"",""images/Blue_Triangle.png"",""images/Blue_Triangle.png""]","true","[[237,179],[246,94],[198,23],[116,0],[38,35],[0,111],[21,194],[90,245],[175,239]]","false",""
"visual-search-circle","165","2.2.0","482882","77648","visual_search_trial","800","","f","","","","","","","","","","null","red_circle","8","[""images/Red_Triangle.png"",""images/Red_Circle.png"",""images/Red_Circle.png"",""images/Red_Circle.png"",""images/Red_Circle.png"",""images/Red_Circle.png"",""images/Red_Circle.png"",""images/Red_Circle.png"",""images/Red_Circle.png""]","true","[[248,107],[208,32],[129,0],[48,26],[2,99],[14,183],[78,240],[163,243],[231,191]]","true",""
"visual-search-circle","166","2.2.0","485090","77648","visual_search_trial","693","","f","","","","","","","","","","null","blue_triangle","8","[""images/Red_Triangle.png"",""images/Blue_Triangle.png"",""images/Blue_Triangle.png""]","true","[[131,249],[229,56],[13,68]]","true",""
"visual-search-circle","167","2.2.0","487344","77648","visual_search_trial","739","","j","","","","","","","","","","null","red_circle","8","[""images/Red_Circle.png"",""images/Red_Circle.png"",""images/Red_Circle.png""]","true","[[4,157],[213,213],[157,4]]","false",""
"visual-search-circle","168","2.2.0","490009","77648","visual_search_trial","1162","","f","","","","","","","","","","null","red_blue_mix","8","[""images/Red_Triangle.png"",""images/Red_Circle.png"",""images/Red_Circle.png""]","true","[[229,56],[13,68],[131,249]]","true",""
"visual-search-circle","169","2.2.0","493180","77648","visual_search_trial","1659","","f","","","","","","","","","","null","blue_triangle","8","[""images/Red_Triangle.png"",""images/Blue_Triangle.png"",""images/Blue_Triangle.png"",""images/Blue_Triangle.png"",""images/Blue_Triangle.png"",""images/Blue_Triangle.png""]","true","[[153,3],[33,39],[5,161],[96,246],[216,210],[244,88]]","true",""
"visual-search-circle","170","2.2.0","495640","77648","visual_search_trial","956","","f","","","","","","","","","","null","red_circle","8","[""images/Red_Triangle.png"",""images/Red_Circle.png"",""images/Red_Circle.png"",""images/Red_Circle.png"",""images/Red_Circle.png"",""images/Red_Circle.png""]","true","[[0,127],[64,234],[189,232],[249,122],[185,15],[60,17]]","true",""
"visual-search-circle","171","2.2.0","498017","77648","visual_search_trial","870","","j","","","","","","","","","","null","red_blue_mix","8","[""images/Blue_Triangle.png"",""images/Red_Circle.png"",""images/Red_Circle.png"",""images/Blue_Circle.png"",""images/Blue_Circle.png"",""images/Red_Circle.png""]","true","[[56,229],[181,236],[249,131],[193,20],[68,13],[0,118]]","false",""
"visual-search-circle","172","2.2.0","500672","77648","visual_search_trial","1152","","j","","","","","","","","","","null","blue_triangle","8","[""images/Blue_Triangle.png"",""images/Blue_Triangle.png"",""images/Blue_Triangle.png""]","true","[[99,247],[243,86],[32,41]]","false",""
"visual-search-circle","173","2.2.0","503431","77648","visual_search_trial","1251","","j","","","","","","","","","","null","red_blue_mix","8","[""images/Red_Circle.png"",""images/Blue_Circle.png"",""images/Blue_Triangle.png""]","true","[[131,249],[229,56],[13,68]]","false",""
"visual-search-circle","174","2.2.0","505795","77648","visual_search_trial","849","","j","","","","","","","","","","null","red_circle","8","[""images/Red_Circle.png"",""images/Red_Circle.png"",""images/Red_Circle.png"",""images/Red_Circle.png"",""images/Red_Circle.png"",""images/Red_Circle.png""]","true","[[4,92],[36,213],[157,245],[245,157],[213,36],[92,4]]","false",""
"visual-search-circle","175","2.2.0","508778","77648","visual_search_trial","1461","","j","","","","","","","","","","null","red_blue_mix","8","[""images/Blue_Circle.png"",""images/Blue_Triangle.png"",""images/Blue_Triangle.png"",""images/Blue_Triangle.png"",""images/Red_Circle.png"",""images/Red_Circle.png"",""images/Blue_Circle.png"",""images/Blue_Circle.png"",""images/Blue_Circle.png""]","true","[[222,46],[148,2],[64,15],[8,80],[6,165],[60,232],[144,248],[219,207],[249,127]]","false",""
"visual-search-circle","176","2.2.0","510898","77648","visual_search_trial","606","","j","","","","","","","","","","null","red_circle","8","[""images/Red_Circle.png"",""images/Red_Circle.png"",""images/Red_Circle.png"",""images/Red_Circle.png"",""images/Red_Circle.png"",""images/Red_Circle.png"",""images/Red_Circle.png"",""images/Red_Circle.png"",""images/Red_Circle.png""]","true","[[0,114],[22,196],[92,245],[177,238],[238,177],[245,92],[196,22],[114,0],[36,36]]","false",""
"visual-search-circle","177","2.2.0","513141","77648","visual_search_trial","728","","j","","","","","","","","","","null","blue_triangle","8","[""images/Blue_Triangle.png"",""images/Blue_Triangle.png"",""images/Blue_Triangle.png"",""images/Blue_Triangle.png"",""images/Blue_Triangle.png"",""images/Blue_Triangle.png""]","true","[[88,5],[3,96],[39,216],[161,244],[246,153],[210,33]]","false",""
"visual-search-circle","178","2.2.0","515790","77648","visual_search_trial","1143","","j","","","","","","","","","","null","red_blue_mix","8","[""images/Red_Triangle.png"",""images/Blue_Circle.png"",""images/Blue_Triangle.png"",""images/Blue_Circle.png"",""images/Blue_Triangle.png"",""images/Blue_Circle.png""]","false","[[237,179],[228,55],[116,0],[12,70],[21,194],[133,249]]","true",""
"visual-search-circle","179","2.2.0","518432","77648","visual_search_trial","1135","","j","","","","","","","","","","null","red_circle","8","[""images/Red_Triangle.png"",""images/Red_Circle.png"",""images/Red_Circle.png""]","false","[[64,234],[249,122],[60,17]]","true",""
"visual-search-circle","180","2.2.0","520928","77648","visual_search_trial","990","","j","","","","","","","","","","null","blue_triangle","8","[""images/Red_Triangle.png"",""images/Blue_Triangle.png"",""images/Blue_Triangle.png"",""images/Blue_Triangle.png"",""images/Blue_Triangle.png"",""images/Blue_Triangle.png"",""images/Blue_Triangle.png"",""images/Blue_Triangle.png"",""images/Blue_Triangle.png""]","false","[[48,26],[2,99],[14,183],[78,240],[163,243],[231,191],[248,107],[208,32],[129,0]]","true",""
"visual-search-circle","181","2.2.0","524637","77648","visual_search_trial","2198","","j","","","","","","","","","","null","red_circle","9","[""images/Red_Circle.png"",""images/Red_Circle.png"",""images/Red_Circle.png"",""images/Red_Circle.png"",""images/Red_Circle.png"",""images/Red_Circle.png""]","true","[[16,187],[125,250],[233,187],[233,62],[125,0],[16,62]]","false",""
"visual-search-circle","182","2.2.0","529148","77648","visual_search_trial","3000","","j","","","","","","","","","","null","blue_triangle","9","[""images/Blue_Triangle.png"",""images/Blue_Triangle.png"",""images/Blue_Triangle.png"",""images/Blue_Triangle.png"",""images/Blue_Triangle.png"",""images/Blue_Triangle.png""]","true","[[249,109],[173,9],[49,25],[0,140],[76,240],[200,224]]","false",""
"visual-search-circle","183","2.2.0","544707","77648","visual_search_trial","14051","","f","","","","","","","","","","null","red_blue_mix","9","[""images/Red_Triangle.png"",""images/Red_Circle.png"",""images/Blue_Triangle.png"",""images/Blue_Circle.png"",""images/Blue_Circle.png"",""images/Red_Circle.png""]","true","[[41,32],[2,150],[86,243],[208,217],[247,99],[163,6]]","true",""
"visual-search-circle","184","2.2.0","546871","77648","visual_search_trial","650","","f","","","","","","","","","","null","red_circle","9","[""images/Red_Triangle.png"",""images/Red_Circle.png"",""images/Red_Circle.png"",""images/Red_Circle.png"",""images/Red_Circle.png"",""images/Red_Circle.png""]","true","[[48,223],[171,240],[248,142],[201,26],[78,9],[1,107]]","true",""
"visual-search-circle","185","2.2.0","549129","77648","visual_search_trial","739","","f","","","","","","","","","","null","blue_triangle","9","[""images/Red_Triangle.png"",""images/Blue_Triangle.png"",""images/Blue_Triangle.png"",""images/Blue_Triangle.png"",""images/Blue_Triangle.png"",""images/Blue_Triangle.png"",""images/Blue_Triangle.png"",""images/Blue_Triangle.png"",""images/Blue_Triangle.png""]","true","[[228,194],[249,111],[211,35],[133,0],[51,23],[3,94],[12,179],[74,239],[159,245]]","true",""
"visual-search-circle","186","2.2.0","551480","77648","visual_search_trial","843","","f","","","","","","","","","","null","red_blue_mix","9","[""images/Red_Triangle.png"",""images/Blue_Circle.png"",""images/Blue_Circle.png"",""images/Blue_Triangle.png"",""images/Red_Circle.png"",""images/Red_Circle.png"",""images/Red_Circle.png"",""images/Blue_Triangle.png"",""images/Blue_Circle.png""]","true","[[55,228],[138,249],[214,211],[249,133],[226,51],[155,3],[70,12],[10,74],[4,159]]","true",""
"visual-search-circle","187","2.2.0","553721","77648","visual_search_trial","733","","f","","","","","","","","","","null","blue_triangle","9","[""images/Red_Triangle.png"",""images/Blue_Triangle.png"",""images/Blue_Triangle.png"",""images/Blue_Triangle.png"",""images/Blue_Triangle.png"",""images/Blue_Triangle.png""]","true","[[198,23],[74,10],[0,111],[51,226],[175,239],[249,138]]","true",""
"visual-search-circle","188","2.2.0","556106","77648","visual_search_trial","880","","j","","","","","","","","","","null","red_blue_mix","9","[""images/Blue_Circle.png"",""images/Red_Circle.png"",""images/Red_Circle.png"",""images/Red_Circle.png"",""images/Blue_Circle.png"",""images/Blue_Triangle.png""]","true","[[1,144],[80,241],[203,222],[248,105],[169,8],[46,27]]","false",""
"visual-search-circle","189","2.2.0","558288","77648","visual_search_trial","677","","j","","","","","","","","","","null","red_circle","9","[""images/Red_Circle.png"",""images/Red_Circle.png"",""images/Red_Circle.png""]","true","[[236,181],[118,0],[20,193]]","false",""
"visual-search-circle","190","2.2.0","560395","77648","visual_search_trial","600","","j","","","","","","","","","","null","blue_triangle","9","[""images/Blue_Triangle.png"",""images/Blue_Triangle.png"",""images/Blue_Triangle.png""]","true","[[51,226],[249,138],[74,10]]","false",""
"visual-search-circle","191","2.2.0","562863","77648","visual_search_trial","958","","j","","","","","","","","","","null","red_blue_mix","9","[""images/Red_Circle.png"",""images/Blue_Circle.png"",""images/Red_Circle.png"",""images/Blue_Triangle.png"",""images/Red_Circle.png"",""images/Blue_Circle.png"",""images/Blue_Triangle.png"",""images/Blue_Triangle.png"",""images/Red_Circle.png""]","true","[[44,29],[1,103],[16,187],[82,242],[167,242],[233,187],[248,103],[205,29],[125,0]]","false",""
"visual-search-circle","192","2.2.0","565020","77648","visual_search_trial","649","","j","","","","","","","","","","null","red_circle","9","[""images/Red_Circle.png"",""images/Red_Circle.png"",""images/Red_Circle.png"",""images/Red_Circle.png"",""images/Red_Circle.png"",""images/Red_Circle.png"",""images/Red_Circle.png"",""images/Red_Circle.png"",""images/Red_Circle.png""]","true","[[13,68],[3,153],[49,224],[131,249],[210,216],[249,140],[229,56],[161,5],[76,9]]","false",""
"visual-search-circle","193","2.2.0","567364","77648","visual_search_trial","836","","f","","","","","","","","","","null","blue_triangle","9","[""images/Red_Triangle.png"",""images/Blue_Triangle.png"",""images/Blue_Triangle.png""]","true","[[245,157],[92,4],[36,213]]","true",""
"visual-search-circle","194","2.2.0","570771","77648","visual_search_trial","1894","","j","","","","","","","","","","null","red_blue_mix","9","[""images/Red_Circle.png"",""images/Red_Circle.png"",""images/Blue_Circle.png""]","true","[[242,82],[29,44],[103,248]]","false",""
"visual-search-circle","195","2.2.0","573105","77648","visual_search_trial","823","","j","","","","","","","","","","null","blue_triangle","9","[""images/Blue_Triangle.png"",""images/Blue_Triangle.png"",""images/Blue_Triangle.png"",""images/Blue_Triangle.png"",""images/Blue_Triangle.png"",""images/Blue_Triangle.png"",""images/Blue_Triangle.png"",""images/Blue_Triangle.png"",""images/Blue_Triangle.png""]","true","[[122,249],[203,222],[247,148],[234,64],[169,8],[84,6],[17,60],[1,144],[42,219]]","false",""
"visual-search-circle","196","2.2.0","575502","77648","visual_search_trial","881","","f","","","","","","","","","","null","red_circle","9","[""images/Red_Triangle.png"",""images/Red_Circle.png"",""images/Red_Circle.png"",""images/Red_Circle.png"",""images/Red_Circle.png"",""images/Red_Circle.png"",""images/Red_Circle.png"",""images/Red_Circle.png"",""images/Red_Circle.png""]","true","[[0,125],[29,205],[103,248],[187,233],[242,167],[242,82],[187,16],[103,1],[29,44]]","true",""
"visual-search-circle","197","2.2.0","578889","77648","visual_search_trial","1871","","f","","","","","","","","","","null","red_blue_mix","9","[""images/Red_Triangle.png"",""images/Blue_Triangle.png"",""images/Blue_Triangle.png""]","true","[[32,41],[99,247],[243,86]]","true",""
"visual-search-circle","198","2.2.0","581157","77648","visual_search_trial","755","","f","","","","","","","","","","null","red_circle","9","[""images/Red_Triangle.png"",""images/Red_Circle.png"",""images/Red_Circle.png""]","true","[[3,94],[159,245],[211,35]]","true",""
"html-keyboard-response","199","2.1.0","748308","77648","break","167150","<p>Great job so far! Please rest for a few seconds before continuing.</p>
                 <p>Press the <strong>W</strong> key on your keyboard to continue.</p>","w","","","","","","","","","","","","","","","","","W"
"visual-search-circle","200","2.2.0","754130","77648","visual_search_trial","4317","","f","","","","","","","","","","null","red_blue_mix","10","[""images/Red_Triangle.png"",""images/Red_Circle.png"",""images/Blue_Triangle.png""]","true","[[82,7],[44,220],[248,146]]","true",""
"visual-search-circle","201","2.2.0","756222","77648","visual_search_trial","571","","f","","","","","","","","","","null","red_circle","10","[""images/Red_Triangle.png"",""images/Red_Circle.png"",""images/Red_Circle.png"",""images/Red_Circle.png"",""images/Red_Circle.png"",""images/Red_Circle.png"",""images/Red_Circle.png"",""images/Red_Circle.png"",""images/Red_Circle.png""]","true","[[2,99],[14,183],[78,240],[163,243],[231,191],[248,107],[208,32],[129,0],[48,26]]","true",""
"visual-search-circle","202","2.2.0","758371","77648","visual_search_trial","632","","j","","","","","","","","","","null","blue_triangle","10","[""images/Blue_Triangle.png"",""images/Blue_Triangle.png"",""images/Blue_Triangle.png"",""images/Blue_Triangle.png"",""images/Blue_Triangle.png"",""images/Blue_Triangle.png""]","true","[[26,48],[9,171],[107,248],[223,201],[240,78],[142,1]]","false",""
"visual-search-circle","203","2.2.0","760557","77648","visual_search_trial","669","","f","","","","","","","","","","null","red_blue_mix","10","[""images/Red_Triangle.png"",""images/Blue_Circle.png"",""images/Red_Circle.png"",""images/Red_Circle.png"",""images/Red_Circle.png"",""images/Blue_Circle.png""]","true","[[9,173],[109,249],[224,200],[240,76],[140,0],[25,49]]","true",""
"visual-search-circle","204","2.2.0","763049","77648","visual_search_trial","985","","j","","","","","","","","","","null","blue_triangle","10","[""images/Blue_Triangle.png"",""images/Blue_Triangle.png"",""images/Blue_Triangle.png"",""images/Blue_Triangle.png"",""images/Blue_Triangle.png"",""images/Blue_Triangle.png"",""images/Blue_Triangle.png"",""images/Blue_Triangle.png"",""images/Blue_Triangle.png""]","true","[[0,125],[29,205],[103,248],[187,233],[242,167],[242,82],[187,16],[103,1],[29,44]]","false",""
"visual-search-circle","205","2.2.0","765365","77648","visual_search_trial","803","","j","","","","","","","","","","null","red_circle","10","[""images/Red_Circle.png"",""images/Red_Circle.png"",""images/Red_Circle.png"",""images/Red_Circle.png"",""images/Red_Circle.png"",""images/Red_Circle.png""]","true","[[189,232],[249,122],[185,15],[60,17],[0,127],[64,234]]","false",""
"visual-search-circle","206","2.2.0","767983","77648","visual_search_trial","1110","","j","","","","","","","","","","null","red_blue_mix","10","[""images/Blue_Triangle.png"",""images/Blue_Triangle.png"",""images/Blue_Triangle.png"",""images/Blue_Triangle.png"",""images/Blue_Triangle.png"",""images/Red_Circle.png"",""images/Red_Circle.png"",""images/Blue_Circle.png"",""images/Red_Circle.png""]","true","[[5,161],[56,229],[140,249],[216,210],[249,131],[224,49],[153,3],[68,13],[9,76]]","false",""
"visual-search-circle","207","2.2.0","770280","77648","visual_search_trial","779","","f","","","","","","","","","","null","blue_triangle","10","[""images/Red_Triangle.png"",""images/Blue_Triangle.png"",""images/Blue_Triangle.png"",""images/Blue_Triangle.png"",""images/Blue_Triangle.png"",""images/Blue_Triangle.png""]","true","[[219,207],[243,84],[148,2],[30,42],[6,165],[101,247]]","true",""
"visual-search-circle","208","2.2.0","772722","77648","visual_search_trial","934","","j","","","","","","","","","","null","red_blue_mix","10","[""images/Red_Circle.png"",""images/Blue_Circle.png"",""images/Red_Circle.png"",""images/Red_Circle.png"",""images/Red_Circle.png"",""images/Blue_Circle.png""]","true","[[226,198],[239,74],[138,0],[23,51],[10,175],[111,249]]","false",""
"visual-search-circle","209","2.2.0","775087","77648","visual_search_trial","850","","j","","","","","","","","","","null","red_circle","10","[""images/Red_Circle.png"",""images/Red_Circle.png"",""images/Red_Circle.png""]","true","[[191,231],[183,14],[0,129]]","false",""
"visual-search-circle","210","2.2.0","777716","77648","visual_search_trial","1108","","f","","","","","","","","","","null","red_blue_mix","10","[""images/Red_Triangle.png"",""images/Blue_Circle.png"",""images/Blue_Triangle.png"",""images/Blue_Circle.png"",""images/Blue_Circle.png"",""images/Blue_Circle.png"",""images/Blue_Circle.png"",""images/Blue_Triangle.png"",""images/Red_Circle.png""]","true","[[3,153],[49,224],[131,249],[210,216],[249,140],[229,56],[161,5],[76,9],[13,68]]","true",""
"visual-search-circle","211","2.2.0","779921","77648","visual_search_trial","692","","f","","","","","","","","","","null","red_circle","10","[""images/Red_Triangle.png"",""images/Red_Circle.png"",""images/Red_Circle.png"",""images/Red_Circle.png"",""images/Red_Circle.png"",""images/Red_Circle.png""]","true","[[233,62],[125,0],[16,62],[16,187],[125,250],[233,187]]","true",""
"visual-search-circle","212","2.2.0","782196","77648","visual_search_trial","759","","f","","","","","","","","","","null","blue_triangle","10","[""images/Red_Triangle.png"",""images/Blue_Triangle.png"",""images/Blue_Triangle.png""]","true","[[191,18],[0,120],[183,235]]","true",""
"visual-search-circle","213","2.2.0","784419","77648","visual_search_trial","716","","f","","","","","","","","","","null","red_circle","10","[""images/Red_Triangle.png"",""images/Red_Circle.png"",""images/Red_Circle.png""]","true","[[107,248],[240,78],[26,48]]","true",""
"visual-search-circle","214","2.2.0","786561","77648","visual_search_trial","630","","f","","","","","","","","","","null","blue_triangle","10","[""images/Red_Triangle.png"",""images/Blue_Triangle.png"",""images/Blue_Triangle.png"",""images/Blue_Triangle.png"",""images/Blue_Triangle.png"",""images/Blue_Triangle.png"",""images/Blue_Triangle.png"",""images/Blue_Triangle.png"",""images/Blue_Triangle.png""]","true","[[169,8],[84,6],[17,60],[1,144],[42,219],[122,249],[203,222],[247,148],[234,64]]","true",""
"visual-search-circle","215","2.2.0","788838","77648","visual_search_trial","767","","j","","","","","","","","","","null","red_circle","10","[""images/Red_Circle.png"",""images/Red_Circle.png"",""images/Red_Circle.png"",""images/Red_Circle.png"",""images/Red_Circle.png"",""images/Red_Circle.png"",""images/Red_Circle.png"",""images/Red_Circle.png"",""images/Red_Circle.png""]","true","[[105,1],[30,42],[0,122],[27,203],[101,247],[185,234],[241,169],[243,84],[189,17]]","false",""
"visual-search-circle","216","2.2.0","791173","77648","visual_search_trial","828","","j","","","","","","","","","","null","red_blue_mix","10","[""images/Red_Circle.png"",""images/Blue_Circle.png"",""images/Blue_Circle.png""]","true","[[155,246],[214,38],[4,90]]","false",""
"visual-search-circle","217","2.2.0","793485","77648","visual_search_trial","807","","j","","","","","","","","","","null","blue_triangle","10","[""images/Blue_Triangle.png"",""images/Blue_Triangle.png"",""images/Blue_Triangle.png""]","true","[[9,173],[224,200],[140,0]]","false",""
"visual-search-circle","218","2.2.0","796277","77648","visual_search_trial","1278","","f","","","","","","","","","","null","red_blue_mix","11","[""images/Red_Triangle.png"",""images/Red_Circle.png"",""images/Red_Circle.png""]","true","[[231,191],[129,0],[14,183]]","true",""
"visual-search-circle","219","2.2.0","798873","77648","visual_search_trial","1084","","f","","","","","","","","","","null","red_circle","11","[""images/Red_Triangle.png"",""images/Red_Circle.png"",""images/Red_Circle.png"",""images/Red_Circle.png"",""images/Red_Circle.png"",""images/Red_Circle.png""]","true","[[236,181],[229,56],[118,0],[13,68],[20,193],[131,249]]","true",""
"visual-search-circle","220","2.2.0","801364","77648","visual_search_trial","978","","j","","","","","","","","","","null","blue_triangle","11","[""images/Blue_Triangle.png"",""images/Blue_Triangle.png"",""images/Blue_Triangle.png""]","true","[[245,90],[35,38],[94,246]]","false",""
"visual-search-circle","221","2.2.0","803646","77648","visual_search_trial","777","","j","","","","","","","","","","null","red_circle","11","[""images/Red_Circle.png"",""images/Red_Circle.png"",""images/Red_Circle.png""]","true","[[26,48],[107,248],[240,78]]","false",""
"visual-search-circle","222","2.2.0","806172","77648","visual_search_trial","1019","","j","","","","","","","","","","null","blue_triangle","11","[""images/Blue_Triangle.png"",""images/Blue_Triangle.png"",""images/Blue_Triangle.png"",""images/Blue_Triangle.png"",""images/Blue_Triangle.png"",""images/Blue_Triangle.png"",""images/Blue_Triangle.png"",""images/Blue_Triangle.png"",""images/Blue_Triangle.png""]","true","[[161,244],[229,193],[249,109],[210,33],[131,0],[49,25],[3,96],[13,181],[76,240]]","false",""
"visual-search-circle","223","2.2.0","808513","77648","visual_search_trial","837","","j","","","","","","","","","","null","red_blue_mix","11","[""images/Blue_Circle.png"",""images/Blue_Circle.png"",""images/Blue_Triangle.png""]","true","[[0,135],[196,227],[177,11]]","false",""
"visual-search-circle","224","2.2.0","810971","77648","visual_search_trial","949","","f","","","","","","","","","","null","red_circle","11","[""images/Red_Triangle.png"",""images/Red_Circle.png"",""images/Red_Circle.png"",""images/Red_Circle.png"",""images/Red_Circle.png"",""images/Red_Circle.png"",""images/Red_Circle.png"",""images/Red_Circle.png"",""images/Red_Circle.png""]","true","[[116,0],[38,35],[0,111],[21,194],[90,245],[175,239],[237,179],[246,94],[198,23]]","true",""
"visual-search-circle","225","2.2.0","813278","77648","visual_search_trial","801","","j","","","","","","","","","","null","blue_triangle","11","[""images/Blue_Triangle.png"",""images/Blue_Triangle.png"",""images/Blue_Triangle.png"",""images/Blue_Triangle.png"",""images/Blue_Triangle.png"",""images/Blue_Triangle.png""]","true","[[138,249],[239,175],[226,51],[111,0],[10,74],[23,198]]","false",""
"visual-search-circle","226","2.2.0","815528","77648","visual_search_trial","737","","f","","","","","","","","","","null","red_blue_mix","11","[""images/Red_Triangle.png"",""images/Red_Circle.png"",""images/Red_Circle.png"",""images/Blue_Circle.png"",""images/Red_Circle.png"",""images/Blue_Circle.png"",""images/Red_Circle.png"",""images/Red_Circle.png"",""images/Blue_Circle.png""]","true","[[109,0],[33,39],[0,118],[25,200],[96,246],[181,236],[240,173],[244,88],[193,20]]","true",""
"visual-search-circle","227","2.2.0","817972","77648","visual_search_trial","933","","j","","","","","","","","","","null","red_circle","11","[""images/Red_Circle.png"",""images/Red_Circle.png"",""images/Red_Circle.png"",""images/Red_Circle.png"",""images/Red_Circle.png"",""images/Red_Circle.png""]","true","[[183,235],[249,129],[191,18],[66,14],[0,120],[58,231]]","false",""
"visual-search-circle","228","2.2.0","820277","77648","visual_search_trial","789","","f","","","","","","","","","","null","blue_triangle","11","[""images/Red_Triangle.png"",""images/Blue_Triangle.png"",""images/Blue_Triangle.png"",""images/Blue_Triangle.png"",""images/Blue_Triangle.png"",""images/Blue_Triangle.png"",""images/Blue_Triangle.png"",""images/Blue_Triangle.png"",""images/Blue_Triangle.png""]","true","[[2,148],[46,222],[127,249],[207,219],[248,144],[232,60],[165,6],[80,8],[15,64]]","true",""
"visual-search-circle","229","2.2.0","822623","77648","visual_search_trial","838","","f","","","","","","","","","","null","red_blue_mix","11","[""images/Red_Triangle.png"",""images/Blue_Triangle.png"",""images/Blue_Circle.png"",""images/Blue_Triangle.png"",""images/Blue_Circle.png"",""images/Blue_Triangle.png""]","true","[[48,223],[171,240],[248,142],[201,26],[78,9],[1,107]]","true",""
"visual-search-circle","230","2.2.0","824817","77648","visual_search_trial","683","","f","","","","","","","","","","null","red_circle","11","[""images/Red_Triangle.png"",""images/Red_Circle.png"",""images/Red_Circle.png""]","true","[[30,207],[243,165],[101,2]]","true",""
"visual-search-circle","231","2.2.0","827059","77648","visual_search_trial","738","","f","","","","","","","","","","null","blue_triangle","11","[""images/Red_Triangle.png"",""images/Blue_Triangle.png"",""images/Blue_Triangle.png""]","true","[[248,107],[48,26],[78,240]]","true",""
"visual-search-circle","232","2.2.0","829519","77648","visual_search_trial","949","","j","","","","","","","","","","null","red_blue_mix","11","[""images/Blue_Circle.png"",""images/Blue_Triangle.png"",""images/Blue_Circle.png"",""images/Blue_Circle.png"",""images/Blue_Triangle.png"",""images/Blue_Circle.png""]","true","[[76,9],[0,109],[49,224],[173,240],[249,140],[200,25]]","false",""
"visual-search-circle","233","2.2.0","833080","77648","visual_search_trial","2044","","j","","","","","","","","","","null","red_circle","11","[""images/Red_Circle.png"",""images/Red_Circle.png"",""images/Red_Circle.png"",""images/Red_Circle.png"",""images/Red_Circle.png"",""images/Red_Circle.png"",""images/Red_Circle.png"",""images/Red_Circle.png"",""images/Red_Circle.png""]","true","[[44,220],[125,250],[205,220],[248,146],[233,62],[167,7],[82,7],[16,62],[1,146]]","false",""
"visual-search-circle","234","2.2.0","835781","77648","visual_search_trial","1187","","j","","","","","","","","","","null","red_blue_mix","11","[""images/Blue_Triangle.png"",""images/Red_Circle.png"",""images/Blue_Triangle.png"",""images/Red_Circle.png"",""images/Red_Circle.png"",""images/Blue_Circle.png"",""images/Red_Circle.png"",""images/Blue_Circle.png"",""images/Blue_Triangle.png""]","true","[[235,183],[247,99],[201,26],[120,0],[41,32],[1,107],[18,191],[86,243],[171,240]]","false",""
"visual-search-circle","235","2.2.0","839077","77648","visual_search_trial","1792","","f","","","","","","","","","","null","blue_triangle","11","[""images/Red_Triangle.png"",""images/Blue_Triangle.png"",""images/Blue_Triangle.png"",""images/Blue_Triangle.png"",""images/Blue_Triangle.png"",""images/Blue_Triangle.png""]","true","[[94,246],[214,211],[245,90],[155,3],[35,38],[4,159]]","true",""
"html-keyboard-response","236","2.1.0","842639","77648","break","3560","<p>Great job so far! Please rest for a few seconds before continuing.</p>
                 <p>Press the <strong>P</strong> key on your keyboard to continue.</p>","p","","","","","","","","","","","","","","","","","P"
"visual-search-circle","237","2.2.0","844787","77648","visual_search_trial","627","","j","","","","","","","","","","null","blue_triangle","12","[""images/Blue_Triangle.png"",""images/Blue_Triangle.png"",""images/Blue_Triangle.png"",""images/Blue_Triangle.png"",""images/Blue_Triangle.png"",""images/Blue_Triangle.png""]","true","[[205,220],[248,103],[167,7],[44,29],[1,146],[82,242]]","false",""
"visual-search-circle","238","2.2.0","847478","77648","visual_search_trial","1185","","j","","","","","","","","","","null","red_circle","12","[""images/Red_Circle.png"",""images/Red_Circle.png"",""images/Red_Circle.png""]","true","[[223,48],[9,78],[142,248]]","false",""
"visual-search-circle","239","2.2.0","850331","77648","visual_search_trial","1346","","j","","","","","","","","","","null","blue_triangle","12","[""images/Blue_Triangle.png"",""images/Blue_Triangle.png"",""images/Blue_Triangle.png"",""images/Blue_Triangle.png"",""images/Blue_Triangle.png"",""images/Blue_Triangle.png"",""images/Blue_Triangle.png"",""images/Blue_Triangle.png"",""images/Blue_Triangle.png""]","true","[[157,4],[72,11],[11,72],[4,157],[53,227],[135,249],[213,213],[249,135],[227,53]]","false",""
"visual-search-circle","240","2.2.0","852358","77648","visual_search_trial","516","","f","","","","","","","","","","null","red_blue_mix","12","[""images/Red_Triangle.png"",""images/Blue_Triangle.png"",""images/Red_Circle.png""]","true","[[25,49],[109,249],[240,76]]","true",""
"visual-search-circle","241","2.2.0","854617","77648","visual_search_trial","749","","f","","","","","","","","","","null","blue_triangle","12","[""images/Red_Triangle.png"",""images/Blue_Triangle.png"",""images/Blue_Triangle.png"",""images/Blue_Triangle.png"",""images/Blue_Triangle.png"",""images/Blue_Triangle.png""]","true","[[72,238],[196,227],[249,114],[177,11],[53,22],[0,135]]","true",""
"visual-search-circle","242","2.2.0","856867","77648","visual_search_trial","732","","j","","","","","","","","","","null","red_circle","12","[""images/Red_Circle.png"",""images/Red_Circle.png"",""images/Red_Circle.png"",""images/Red_Circle.png"",""images/Red_Circle.png"",""images/Red_Circle.png"",""images/Red_Circle.png"",""images/Red_Circle.png"",""images/Red_Circle.png""]","true","[[140,0],[56,20],[5,88],[9,173],[68,236],[153,246],[224,200],[249,118],[216,39]]","false",""
"visual-search-circle","243","2.2.0","859070","77648","visual_search_trial","682","","f","","","","","","","","","","null","blue_triangle","12","[""images/Red_Triangle.png"",""images/Blue_Triangle.png"",""images/Blue_Triangle.png"",""images/Blue_Triangle.png"",""images/Blue_Triangle.png"",""images/Blue_Triangle.png"",""images/Blue_Triangle.png"",""images/Blue_Triangle.png"",""images/Blue_Triangle.png""]","true","[[76,9],[13,68],[3,153],[49,224],[131,249],[210,216],[249,140],[229,56],[161,5]]","true",""
"visual-search-circle","244","2.2.0","861203","77648","visual_search_trial","627","","f","","","","","","","","","","null","red_circle","12","[""images/Red_Triangle.png"",""images/Red_Circle.png"",""images/Red_Circle.png"",""images/Red_Circle.png"",""images/Red_Circle.png"",""images/Red_Circle.png""]","true","[[14,66],[18,191],[129,249],[235,183],[231,58],[120,0]]","true",""
"visual-search-circle","245","2.2.0","863817","77648","visual_search_trial","1109","","j","","","","","","","","","","null","red_blue_mix","12","[""images/Blue_Triangle.png"",""images/Red_Circle.png"",""images/Blue_Triangle.png""]","true","[[58,18],[66,235],[249,120]]","false",""
"visual-search-circle","246","2.2.0","866100","77648","visual_search_trial","772","","f","","","","","","","","","","null","blue_triangle","12","[""images/Red_Triangle.png"",""images/Blue_Triangle.png"",""images/Blue_Triangle.png""]","true","[[48,223],[248,142],[78,9]]","true",""
"visual-search-circle","247","2.2.0","868300","77648","visual_search_trial","691","","f","","","","","","","","","","null","red_circle","12","[""images/Red_Triangle.png"",""images/Red_Circle.png"",""images/Red_Circle.png""]","true","[[146,1],[7,167],[220,205]]","true",""
"visual-search-circle","248","2.2.0","870710","77648","visual_search_trial","900","","j","","","","","","","","","","null","red_blue_mix","12","[""images/Blue_Triangle.png"",""images/Red_Circle.png"",""images/Blue_Circle.png"",""images/Red_Circle.png"",""images/Blue_Triangle.png"",""images/Red_Circle.png""]","true","[[13,68],[20,193],[131,249],[236,181],[229,56],[118,0]]","false",""
"visual-search-circle","249","2.2.0","873478","77648","visual_search_trial","1256","","j","","","","","","","","","","null","blue_triangle","12","[""images/Blue_Triangle.png"",""images/Blue_Triangle.png"",""images/Blue_Triangle.png""]","true","[[6,163],[217,208],[150,2]]","false",""
"visual-search-circle","250","2.2.0","875935","77648","visual_search_trial","949","","j","","","","","","","","","","null","red_blue_mix","12","[""images/Blue_Triangle.png"",""images/Red_Circle.png"",""images/Blue_Circle.png"",""images/Blue_Triangle.png"",""images/Red_Circle.png"",""images/Blue_Triangle.png"",""images/Blue_Triangle.png"",""images/Blue_Circle.png"",""images/Blue_Triangle.png""]","true","[[247,101],[203,27],[122,0],[42,30],[1,105],[17,189],[84,243],[169,241],[234,185]]","false",""
"visual-search-circle","251","2.2.0","878211","77648","visual_search_trial","768","","f","","","","","","","","","","null","red_circle","12","[""images/Red_Triangle.png"",""images/Red_Circle.png"",""images/Red_Circle.png"",""images/Red_Circle.png"",""images/Red_Circle.png"",""images/Red_Circle.png"",""images/Red_Circle.png"",""images/Red_Circle.png"",""images/Red_Circle.png""]","true","[[92,4],[22,53],[0,135],[36,213],[114,249],[196,227],[245,157],[238,72],[177,11]]","true",""
"visual-search-circle","252","2.2.0","880548","77648","visual_search_trial","830","","f","","","","","","","","","","null","red_blue_mix","12","[""images/Red_Triangle.png"",""images/Blue_Circle.png"",""images/Red_Circle.png"",""images/Red_Circle.png"",""images/Red_Circle.png"",""images/Blue_Triangle.png"",""images/Blue_Triangle.png"",""images/Blue_Circle.png"",""images/Blue_Circle.png""]","true","[[248,105],[207,30],[127,0],[46,27],[2,101],[15,185],[80,241],[165,243],[232,189]]","true",""
"visual-search-circle","253","2.2.0","882794","77648","visual_search_trial","728","","j","","","","","","","","","","null","red_circle","12","[""images/Red_Circle.png"",""images/Red_Circle.png"",""images/Red_Circle.png"",""images/Red_Circle.png"",""images/Red_Circle.png"",""images/Red_Circle.png""]","true","[[210,33],[88,5],[3,96],[39,216],[161,244],[246,153]]","false",""
"visual-search-circle","254","2.2.0","885294","77648","visual_search_trial","995","","f","","","","","","","","","","null","red_blue_mix","12","[""images/Red_Triangle.png"",""images/Red_Circle.png"",""images/Blue_Circle.png"",""images/Blue_Triangle.png"",""images/Blue_Circle.png"",""images/Blue_Circle.png""]","true","[[171,9],[48,26],[1,142],[78,240],[201,223],[248,107]]","true",""
"visual-search-circle","255","2.2.0","887312","77648","visual_search_trial","502","","f","","","","","","","","","","null","red_circle","13","[""images/Red_Triangle.png"",""images/Red_Circle.png"",""images/Red_Circle.png"",""images/Red_Circle.png"",""images/Red_Circle.png"",""images/Red_Circle.png"",""images/Red_Circle.png"",""images/Red_Circle.png"",""images/Red_Circle.png""]","true","[[249,111],[211,35],[133,0],[51,23],[3,94],[12,179],[74,239],[159,245],[228,194]]","true",""
"visual-search-circle","256","2.2.0","889557","77648","visual_search_trial","732","","f","","","","","","","","","","null","red_blue_mix","13","[""images/Red_Triangle.png"",""images/Blue_Triangle.png"",""images/Red_Circle.png""]","true","[[231,191],[129,0],[14,183]]","true",""
"visual-search-circle","257","2.2.0","891770","77648","visual_search_trial","709","","f","","","","","","","","","","null","blue_triangle","13","[""images/Red_Triangle.png"",""images/Blue_Triangle.png"",""images/Blue_Triangle.png"",""images/Blue_Triangle.png"",""images/Blue_Triangle.png"",""images/Blue_Triangle.png""]","true","[[159,4],[38,35],[3,155],[90,245],[211,214],[246,94]]","true",""
"visual-search-circle","258","2.2.0","894092","77648","visual_search_trial","817","","j","","","","","","","","","","null","red_circle","13","[""images/Red_Circle.png"",""images/Red_Circle.png"",""images/Red_Circle.png"",""images/Red_Circle.png"",""images/Red_Circle.png"",""images/Red_Circle.png"",""images/Red_Circle.png"",""images/Red_Circle.png"",""images/Red_Circle.png""]","true","[[203,222],[247,148],[234,64],[169,8],[84,6],[17,60],[1,144],[42,219],[122,249]]","false",""
"visual-search-circle","259","2.2.0","896672","77648","visual_search_trial","1061","","f","","","","","","","","","","null","blue_triangle","13","[""images/Red_Triangle.png"",""images/Blue_Triangle.png"",""images/Blue_Triangle.png"",""images/Blue_Triangle.png"",""images/Blue_Triangle.png"",""images/Blue_Triangle.png"",""images/Blue_Triangle.png"",""images/Blue_Triangle.png"",""images/Blue_Triangle.png""]","true","[[41,32],[1,107],[18,191],[86,243],[171,240],[235,183],[247,99],[201,26],[120,0]]","true",""
"visual-search-circle","260","2.2.0","898899","77648","visual_search_trial","717","","f","","","","","","","","","","null","red_circle","13","[""images/Red_Triangle.png"",""images/Red_Circle.png"",""images/Red_Circle.png""]","true","[[155,3],[4,159],[214,211]]","true",""
"visual-search-circle","261","2.2.0","901009","77648","visual_search_trial","602","","f","","","","","","","","","","null","blue_triangle","13","[""images/Red_Triangle.png"",""images/Blue_Triangle.png"",""images/Blue_Triangle.png""]","true","[[245,92],[36,36],[92,245]]","true",""
"visual-search-circle","262","2.2.0","903219","77648","visual_search_trial","698","","f","","","","","","","","","","null","red_blue_mix","13","[""images/Red_Triangle.png"",""images/Red_Circle.png"",""images/Red_Circle.png"",""images/Blue_Triangle.png"",""images/Red_Circle.png"",""images/Red_Circle.png""]","true","[[1,103],[44,220],[167,242],[248,146],[205,29],[82,7]]","true",""
"visual-search-circle","263","2.2.0","905523","77648","visual_search_trial","789","","j","","","","","","","","","","null","blue_triangle","13","[""images/Blue_Triangle.png"",""images/Blue_Triangle.png"",""images/Blue_Triangle.png"",""images/Blue_Triangle.png"",""images/Blue_Triangle.png"",""images/Blue_Triangle.png""]","true","[[33,39],[5,161],[96,246],[216,210],[244,88],[153,3]]","false",""
"visual-search-circle","264","2.2.0","907975","77648","visual_search_trial","943","","j","","","","","","","","","","null","red_blue_mix","13","[""images/Red_Circle.png"",""images/Blue_Triangle.png"",""images/Red_Circle.png"",""images/Blue_Triangle.png"",""images/Blue_Circle.png"",""images/Blue_Circle.png"",""images/Red_Circle.png"",""images/Blue_Circle.png"",""images/Red_Circle.png""]","true","[[240,78],[183,14],[99,2],[26,48],[0,129],[32,208],[107,248],[191,231],[243,163]]","false",""
"visual-search-circle","265","2.2.0","910508","77648","visual_search_trial","1027","","j","","","","","","","","","","null","blue_triangle","13","[""images/Blue_Triangle.png"",""images/Blue_Triangle.png"",""images/Blue_Triangle.png""]","true","[[49,224],[249,140],[76,9]]","false",""
"visual-search-circle","266","2.2.0","913073","77648","visual_search_trial","1055","","j","","","","","","","","","","null","red_blue_mix","13","[""images/Red_Circle.png"",""images/Blue_Circle.png"",""images/Blue_Circle.png""]","true","[[6,84],[148,247],[219,42]]","false",""
"visual-search-circle","267","2.2.0","915460","77648","visual_search_trial","878","","j","","","","","","","","","","null","red_circle","13","[""images/Red_Circle.png"",""images/Red_Circle.png"",""images/Red_Circle.png"",""images/Red_Circle.png"",""images/Red_Circle.png"",""images/Red_Circle.png""]","true","[[249,131],[193,20],[68,13],[0,118],[56,229],[181,236]]","false",""
"visual-search-circle","268","2.2.0","918197","77648","visual_search_trial","1222","","j","","","","","","","","","","null","blue_triangle","13","[""images/Blue_Triangle.png"",""images/Blue_Triangle.png"",""images/Blue_Triangle.png"",""images/Blue_Triangle.png"",""images/Blue_Triangle.png"",""images/Blue_Triangle.png"",""images/Blue_Triangle.png"",""images/Blue_Triangle.png"",""images/Blue_Triangle.png""]","true","[[173,240],[236,181],[246,96],[200,25],[118,0],[39,33],[0,109],[20,193],[88,244]]","false",""
"visual-search-circle","269","2.2.0","920623","77648","visual_search_trial","917","","j","","","","","","","","","","null","red_circle","13","[""images/Red_Circle.png"",""images/Red_Circle.png"",""images/Red_Circle.png""]","true","[[248,107],[48,26],[78,240]]","false",""
"visual-search-circle","270","2.2.0","923123","77648","visual_search_trial","990","","f","","","","","","","","","","null","red_blue_mix","13","[""images/Red_Triangle.png"",""images/Blue_Triangle.png"",""images/Blue_Triangle.png"",""images/Blue_Circle.png"",""images/Blue_Triangle.png"",""images/Blue_Triangle.png"",""images/Red_Circle.png"",""images/Red_Circle.png"",""images/Red_Circle.png""]","true","[[131,249],[210,216],[249,140],[229,56],[161,5],[76,9],[13,68],[3,153],[49,224]]","true",""
"visual-search-circle","271","2.2.0","925430","77648","visual_search_trial","790","","f","","","","","","","","","","null","red_circle","13","[""images/Red_Triangle.png"",""images/Red_Circle.png"",""images/Red_Circle.png"",""images/Red_Circle.png"",""images/Red_Circle.png"",""images/Red_Circle.png""]","true","[[111,0],[10,74],[23,198],[138,249],[239,175],[226,51]]","true",""
"visual-search-circle","272","2.2.0","927833","77648","visual_search_trial","886","","j","","","","","","","","","","null","red_blue_mix","13","[""images/Blue_Circle.png"",""images/Blue_Circle.png"",""images/Blue_Triangle.png"",""images/Blue_Circle.png"",""images/Red_Circle.png"",""images/Red_Circle.png""]","true","[[181,13],[56,20],[0,131],[68,236],[193,229],[249,118]]","false",""
"html-keyboard-response","273","2.1.0","931240","77648","break","3406","<p>Great job so far! Please rest for a few seconds before continuing.</p>
                 <p>Press the <strong>S</strong> key on your keyboard to continue.</p>","s","","","","","","","","","","","","","","","","","S"
"visual-search-circle","274","2.2.0","933947","77648","visual_search_trial","1201","","j","","","","","","","","","","null","red_blue_mix","14","[""images/Red_Circle.png"",""images/Blue_Triangle.png"",""images/Red_Circle.png""]","true","[[243,163],[99,2],[32,208]]","false",""
"visual-search-circle","275","2.2.0","937216","77648","visual_search_trial","1758","","j","","","","","","","","","","null","blue_triangle","14","[""images/Blue_Triangle.png"",""images/Blue_Triangle.png"",""images/Blue_Triangle.png"",""images/Blue_Triangle.png"",""images/Blue_Triangle.png"",""images/Blue_Triangle.png"",""images/Blue_Triangle.png"",""images/Blue_Triangle.png"",""images/Blue_Triangle.png""]","true","[[86,6],[18,58],[1,142],[41,217],[120,249],[201,223],[247,150],[235,66],[171,9]]","false",""
"visual-search-circle","276","2.2.0","939449","77648","visual_search_trial","725","","f","","","","","","","","","","null","red_circle","14","[""images/Red_Triangle.png"",""images/Red_Circle.png"",""images/Red_Circle.png"",""images/Red_Circle.png"",""images/Red_Circle.png"",""images/Red_Circle.png"",""images/Red_Circle.png"",""images/Red_Circle.png"",""images/Red_Circle.png""]","true","[[219,207],[249,127],[222,46],[148,2],[64,15],[8,80],[6,165],[60,232],[144,248]]","true",""
"visual-search-circle","277","2.2.0","941581","77648","visual_search_trial","619","","j","","","","","","","","","","null","blue_triangle","14","[""images/Blue_Triangle.png"",""images/Blue_Triangle.png"",""images/Blue_Triangle.png"",""images/Blue_Triangle.png"",""images/Blue_Triangle.png"",""images/Blue_Triangle.png""]","true","[[135,249],[238,177],[227,53],[114,0],[11,72],[22,196]]","false",""
"visual-search-circle","278","2.2.0","943901","77648","visual_search_trial","812","","f","","","","","","","","","","null","red_blue_mix","14","[""images/Red_Triangle.png"",""images/Blue_Triangle.png"",""images/Blue_Triangle.png"",""images/Blue_Circle.png"",""images/Red_Circle.png"",""images/Blue_Circle.png"",""images/Blue_Circle.png"",""images/Blue_Triangle.png"",""images/Red_Circle.png""]","true","[[49,224],[131,249],[210,216],[249,140],[229,56],[161,5],[76,9],[13,68],[3,153]]","true",""
"visual-search-circle","279","2.2.0","946125","77648","visual_search_trial","717","","f","","","","","","","","","","null","blue_triangle","14","[""images/Red_Triangle.png"",""images/Blue_Triangle.png"",""images/Blue_Triangle.png"",""images/Blue_Triangle.png"",""images/Blue_Triangle.png"",""images/Blue_Triangle.png"",""images/Blue_Triangle.png"",""images/Blue_Triangle.png"",""images/Blue_Triangle.png""]","true","[[1,107],[18,191],[86,243],[171,240],[235,183],[247,99],[201,26],[120,0],[41,32]]","true",""
"visual-search-circle","280","2.2.0","948285","77648","visual_search_trial","657","","j","","","","","","","","","","null","red_circle","14","[""images/Red_Circle.png"",""images/Red_Circle.png"",""images/Red_Circle.png"",""images/Red_Circle.png"",""images/Red_Circle.png"",""images/Red_Circle.png""]","true","[[249,122],[185,15],[60,17],[0,127],[64,234],[189,232]]","false",""
"visual-search-circle","281","2.2.0","950663","77648","visual_search_trial","867","","f","","","","","","","","","","null","red_blue_mix","14","[""images/Red_Triangle.png"",""images/Blue_Circle.png"",""images/Blue_Circle.png""]","true","[[90,245],[246,94],[38,35]]","true",""
"visual-search-circle","282","2.2.0","952822","77648","visual_search_trial","650","","j","","","","","","","","","","null","blue_triangle","14","[""images/Blue_Triangle.png"",""images/Blue_Triangle.png"",""images/Blue_Triangle.png""]","true","[[153,3],[5,161],[216,210]]","false",""
"visual-search-circle","283","2.2.0","954997","77648","visual_search_trial","665","","f","","","","","","","","","","null","red_circle","14","[""images/Red_Triangle.png"",""images/Red_Circle.png"",""images/Red_Circle.png"",""images/Red_Circle.png"",""images/Red_Circle.png"",""images/Red_Circle.png""]","true","[[125,0],[16,62],[16,187],[125,250],[233,187],[233,62]]","true",""
"visual-search-circle","284","2.2.0","957236","77648","visual_search_trial","735","","f","","","","","","","","","","null","red_blue_mix","14","[""images/Red_Triangle.png"",""images/Blue_Triangle.png"",""images/Blue_Triangle.png"",""images/Red_Circle.png"",""images/Blue_Triangle.png"",""images/Blue_Triangle.png""]","true","[[249,131],[193,20],[68,13],[0,118],[56,229],[181,236]]","true",""
"visual-search-circle","285","2.2.0","959423","77648","visual_search_trial","677","","j","","","","","","","","","","null","red_circle","14","[""images/Red_Circle.png"",""images/Red_Circle.png"",""images/Red_Circle.png""]","true","[[78,9],[48,223],[248,142]]","false",""
"visual-search-circle","286","2.2.0","961574","77648","visual_search_trial","644","","f","","","","","","","","","","null","blue_triangle","14","[""images/Red_Triangle.png"",""images/Blue_Triangle.png"",""images/Blue_Triangle.png""]","true","[[60,232],[249,127],[64,15]]","true",""
"visual-search-circle","287","2.2.0","963762","77648","visual_search_trial","676","","j","","","","","","","","","","null","red_circle","14","[""images/Red_Circle.png"",""images/Red_Circle.png"",""images/Red_Circle.png"",""images/Red_Circle.png"",""images/Red_Circle.png"",""images/Red_Circle.png"",""images/Red_Circle.png"",""images/Red_Circle.png"",""images/Red_Circle.png""]","true","[[62,233],[146,248],[220,205],[250,125],[220,44],[146,1],[62,16],[7,82],[7,167]]","false",""
"visual-search-circle","288","2.2.0","966400","77648","visual_search_trial","1118","","j","","","","","","","","","","null","red_blue_mix","14","[""images/Blue_Circle.png"",""images/Blue_Circle.png"",""images/Red_Circle.png"",""images/Blue_Triangle.png"",""images/Red_Circle.png"",""images/Red_Circle.png"",""images/Red_Circle.png"",""images/Blue_Triangle.png"",""images/Blue_Circle.png""]","true","[[116,0],[38,35],[0,111],[21,194],[90,245],[175,239],[237,179],[246,94],[198,23]]","false",""
"visual-search-circle","289","2.2.0","968824","77648","visual_search_trial","904","","f","","","","","","","","","","null","blue_triangle","14","[""images/Red_Triangle.png"",""images/Blue_Triangle.png"",""images/Blue_Triangle.png"",""images/Blue_Triangle.png"",""images/Blue_Triangle.png"",""images/Blue_Triangle.png""]","true","[[169,241],[248,144],[203,27],[80,8],[1,105],[46,222]]","true",""
"visual-search-circle","290","2.2.0","970979","77648","visual_search_trial","650","","f","","","","","","","","","","null","red_circle","14","[""images/Red_Triangle.png"",""images/Red_Circle.png"",""images/Red_Circle.png""]","true","[[0,114],[177,238],[196,22]]","true",""
"visual-search-circle","291","2.2.0","973303","77648","visual_search_trial","809","","j","","","","","","","","","","null","red_blue_mix","14","[""images/Blue_Circle.png"",""images/Blue_Circle.png"",""images/Blue_Circle.png"",""images/Blue_Circle.png"",""images/Red_Circle.png"",""images/Red_Circle.png""]","true","[[148,247],[243,165],[219,42],[101,2],[6,84],[30,207]]","false",""
"html-keyboard-response","292","2.1.0","977310","77648","intermediate_slide_mindfulness","null","<p style='font-size:2.5vw'>You've finished the visual search. Next is the mindfulness survey.</p>","null","","","","","","","","","","","","","","","","",""
"survey-likert","293","2.1.0","1047982","77648","mindfulness_survey","70665","","{""Tasks"":2,""Driving"":2,""Eat"":3,""Focus"":"""",""Now"":1,""Walking"":2,""Automatic"":1,""Rush"":3,""Multitasking"":3,""Preoccupied"":2,""Feelings"":2,""Emotion"":2,""Names"":2,""Attention"":2,""Carelessness"":3}","","","","[9,11,14,2,8,3,6,7,10,12,4,0,5,13,1]","","","","","","","","","","","","",""
"html-keyboard-response","294","2.1.0","1051993","77648","intermediate_slide_ls","null","<p style='font-size:2.5vw'>You've finished the mindfulness survey. Next is the life satisfaction questionnaire.</p>","null","","","","","","","","","","","","","","","","",""
"survey-likert","295","2.1.0","1078020","77648","satisfaction_survey","26024","","{""Change"":2,""Important"":1,""Ideal"":1,""Conditions"":1,""Satisfied"":1}","","","","[4,3,0,1,2]","","","","","","","","","","","","",""
"html-keyboard-response","296","2.1.0","1082025","77648","intermediate_slide_personality","null","<p style='font-size:2.5vw'>You've finished the satisfaction questionnaire. The last survey is a personality questionnaire.</p>","null","","","","","","","","","","","","","","","","",""
"survey-likert","297","2.1.0","1243347","77648","big5_survey","161302","","{""Talkative"":0,""Fault"":1,""Thorough"":0,""Depressed"":3,""Original"":2,""Reserved"":2,""Unselfish"":1,""Careless"":3,""relaxed"":2,""Curious"":0,""Energetic"":2,""Quarrels"":2,""Reliable"":1,""Tense"":1,""Ingenious"":1,""Enthusiastic"":2,""Forgiving"":3,""Disorganzied"":1,""Worries"":2,""imagination"":2,""quiet"":1,""trusting"":1,""Lazy"":2,""stable"":1,""inventive"":2,""Assertive"":1,""aloof"":1,""perservere"":2,""moody"":1,""aesthetic"":2,""shy"":1,""kind"":2,""Efficient"":1,""calm"":2,""routine"":2,""social"":3,""rude"":2,""plans"":2,""Nervous"":2,""reflect"":2,""artistic"":2,""cooperate"":1,""distracted"":0,""sophisticated"":4}","","","","[0,1,2,3,4,5,6,7,8,9,10,11,12,13,14,15,16,17,18,19,20,21,22,23,24,25,26,27,28,29,30,31,32,33,34,35,36,37,38,39,40,41,42,43,44]","","","","","","","","","","","","",""
"html-button-response","298","2.1.0","1249705","77648","debriefing","6354","
    <div style=""max-width: 900px; margin: 0 auto; padding: 20px; text-align: left; line-height: 1.6;"">
      <h1 style=""text-align: center; color: #333; font-size: 24px; margin-bottom: 10px;"">
        Study Debriefing
      </h1>
      <div style=""text-align: center; font-size: 20px; color: #555; margin-bottom: 30px; font-style: italic;"">
        The Effects of Mindfulness and Attention on Life Satisfaction and Memory
      </div>

      <div style=""background-color: #e3f2fd; border-left: 4px solid #2196F3; padding: 20px; margin: 20px 0;"">
        <h2 style=""margin-top: 0; color: #1976d2; font-size: 20px;"">Thank You for Participating!</h2>
        <p style=""margin-bottom: 0;"">We appreciate your time and effort in completing this study. Your participation helps us better understand the relationship between mindfulness, attention, and well-being.</p>
      </div>

      <h2 style=""color: #555; font-size: 20px; margin-top: 30px; border-bottom: 2px solid #e0e0e0; padding-bottom: 8px;"">
        Study Purpose
      </h2>
      <p style=""margin-bottom: 15px;"">The purpose of this study was to examine the relationship between attention, mindfulness, and life satisfaction. Specifically, we wanted to explore whether:</p>
      <ul style=""margin: 10px 0 15px 25px; padding: 0;"">
        <li style=""margin-bottom: 8px;"">Greater levels of mindfulness (awareness of the present moment) are associated with better attentional control (the ability to focus on specific aspects of the environement while 'tuning out' distractions)</li>
        <li style=""margin-bottom: 8px;"">Mindfulness and attention are related to overall life satisfaction</li>
        <li style=""margin-bottom: 8px;"">These relationships hold across people with different levels of conscientiousness</li>
      </ul>

      <h2 style=""color: #555; font-size: 20px; margin-top: 30px; border-bottom: 2px solid #e0e0e0; padding-bottom: 8px;"">
        What We Learned from Your Participation
      </h2>
      <p style=""margin-bottom: 15px;"">The visual search task you completed measures your ability to focus attention and efficiently locate target objects among distractors. This basic cognitive ability may be related to mindfulness practices in everyday life.</p>
      
      <p style=""margin-bottom: 15px;"">The questionnaires you completed help us understand your typical level of mindfulness, your satisfaction with life, and your personality characteristics (most importantly, conscientiousness). By combining data from the visual search task with your survey responses, we can examine how mindfulness and attention may relate to experiences at both a large scale (life satisfaction) and small scale (visual attention).</p>

      <h2 style=""color: #555; font-size: 20px; margin-top: 30px; border-bottom: 2px solid #e0e0e0; padding-bottom: 8px;"">
        How Your Data Will Be Used
      </h2>
      <p style=""margin-bottom: 15px;"">Your anonymous responses will be combined with data from other participants to identify patterns and relationships between mindfulness, attention, and life satisfaction. The results may:</p>
      <ul style=""margin: 10px 0 15px 25px; padding: 0;"">
        <li style=""margin-bottom: 8px;"">Help inform mental health professionals about the potential benefits of mindfulness practices</li>
        <li style=""margin-bottom: 8px;"">Contribute to educational programs that support student well-being</li>
        <li style=""margin-bottom: 8px;"">Advance our understanding of how everyday awareness relates to cognitive functioning</li>
        <li style=""margin-bottom: 8px;"">Be published in peer-reviewed scientific journals and presented at academic conferences</li>
      </ul>

      <h2 style=""color: #555; font-size: 20px; margin-top: 30px; border-bottom: 2px solid #e0e0e0; padding-bottom: 8px;"">
        Confidentiality Reminder
      </h2>
      <p style=""margin-bottom: 15px;"">All of your responses are completely anonymous, and your data has been assigned a random ID number that we cannot trace back to you. We cannot and will not link your identity to your data in any way. Your privacy is protected throughout all stages of data analysis, storage, and potential publication.</p>

      <h2 style=""color: #555; font-size: 20px; margin-top: 30px; border-bottom: 2px solid #e0e0e0; padding-bottom: 8px;"">
        Questions or Concerns?
      </h2>
      <div style=""background-color: #f0f0f0; padding: 15px; border-left: 4px solid #2196F3; margin: 20px 0;"">
        <p style=""margin-bottom: 10px;"">If you have any questions about this study or would like to learn about the results when they become available, please feel free to contact:</p>
        <p style=""margin-bottom: 15px;"">
          <strong>Principal Investigator:</strong> Ella M. Bremmer<br>
          Email: ebremmer@albany.edu<br><br>
          <strong>Co-Principal Investigator:</strong> Pierce C. Johnson<br>
          Email: pjohnson4@albany.edu<br><br>
          <strong>Faculty Advisor:</strong> Gregory Cox, PhD<br>
          Email: gecox@albany.edu
        </p>
        
        <p style=""margin-bottom: 10px;"">If you have questions about your rights as a research participant, you may contact:</p>
        <p style=""margin-bottom: 0;"">
          Institutional Review Board<br>
          University at Albany<br>
          Phone: 1-866-857-5459<br>
          Email: rco@albany.edu
        </p>
      </div>

      <div style=""background-color: #fff3cd; border: 2px solid #ffc107; border-radius: 5px; padding: 20px; margin-top: 30px;"">
        <h2 style=""margin-top: 0; color: #856404; font-size: 18px;"">Receiving Your SONA Credit</h2>
        <p style=""margin-bottom: 10px; color: #856404;"">By clicking ""Complete Study"" below, you will:</p>
        <ul style=""margin: 10px 0 15px 25px; padding: 0; color: #856404;"">
          <li style=""margin-bottom: 8px;"">Finalize your participation in this study</li>
          <li style=""margin-bottom: 8px;"">Be redirected to SONA to receive your research credit</li>
          <li style=""margin-bottom: 8px;"">Have your participation recorded in the SONA system</li>
        </ul>
        <p style=""margin-bottom: 0; font-weight: bold; color: #856404;"">Thank you again for your contribution to psychological research!</p>
      </div>
    </div>
  ","0","","","","","","","","","","","","","","","","",""
